{
  "absolute_lines": {
    "halpha": 2446700.0,
    "hbeta": 755380.0,
    "hei5876": 191380.0,
    "hei7065": 108050.0,
    "heii1640": 136280.0,
    "heii4686": 14016.0,
    "hgamma": 384450.0,
    "neiii3869": 1260.6,
    "nii6583": 0.012835,
    "oi6300": 3.0128e-06,
    "oii3726": 0.019543,
    "oii3729": 0.0073804,
    "oiii4363": 2213.6,
    "oiii5007": 649.42,
    "paalpha": 276300.0,
    "sii6716": 0.00011662,
    "sii6731": 0.00026352
  },
  "cached": false,
  "diagnostics": {
    "halpha_hbeta": 3.239032010378882,
    "hbeta_hgamma": 1.9648328781375992,
    "hei5876_hbeta": 0.25335592681829017,
    "hei7065_hbeta": 0.1430405888427017,
    "heii1640_hbeta": 0.1804125076120628,
    "heii4686_hbeta": 0.018554899520771002,
    "lha_per_qh54": 8.161312717213187e+40,
    "neiii3869_oii3727": 46821.72385359946,
    "nii_halpha": 5.2458413373114805e-09,
    "oi6300_halpha": 1.2313728695794334e-12,
    "oiii5007_oii3727": 24121.024833416282,
    "oiii5007_oiii4363": 0.2933773039392844,
    "oiii_hbeta": 0.0008597262305065,
    "paalpha_halpha": 0.112927616789962,
    "sii_halpha": 1.553684554706339e-10
  },
  "elapsed_seconds": 87.1005044169724,
  "erg_per_ionizing_photon": {
    "halpha": 8.161312717213186e-14,
    "hbeta": 2.519676462307801e-14,
    "hei5876": 6.383749653902234e-15,
    "hei7065": 3.604160048616033e-15,
    "heii1640": 4.545811489360416e-15,
    "heii4686": 4.675234358297299e-16,
    "hgamma": 1.2823871639892956e-14,
    "neiii3869": 4.204908984067904e-17,
    "nii6583": 4.281295161868281e-22,
    "oi6300": 1.0049619060129925e-25,
    "oii3726": 6.518843112457486e-22,
    "oii3729": 2.461836448200441e-22,
    "oiii4363": 7.383774811306294e-17,
    "oiii5007": 2.166231947035839e-17,
    "paalpha": 9.216375950324941e-15,
    "sii6716": 3.890024478200849e-24,
    "sii6731": 8.790081036661702e-24
  },
  "parameters": {
    "dust_to_metals": 0.0,
    "geometry": "open",
    "iterations": 1,
    "logn": 10.0,
    "lognh": 21.0,
    "logu": -1.0,
    "metallicity": 0.2,
    "microturbulence_kms": 0.0,
    "no_molecules": true,
    "radius_log_cm": 17.0,
    "sed": "blackbody_50000",
    "temperature": null
  },
  "returncode": 0,
  "status": {
    "cautions": 0,
    "cloudy_exited_ok": true,
    "iterations": 2,
    "zones": 70
  }
}
