{
  "diagnostics": {
    "soft_dense_100k": {
      "halpha_hbeta": 3.39375665769946,
      "hbeta_hgamma": 1.987833327351685,
      "hei5876_hbeta": 0.002366078682723383,
      "hei7065_hbeta": 0.0010953653384368173,
      "heii1640_hbeta": 7.428999584740101,
      "heii4686_hbeta": 0.8129344431003664,
      "lha_per_qh54": 6.2700042974396645e+40,
      "neiii3869_oii3727": 1159636.9898586776,
      "nii_halpha": 5.043996382401447e-11,
      "oi6300_halpha": 3.963451614619355e-15,
      "oiii5007_oii3727": 240619.96009075252,
      "oiii5007_oiii4363": 0.16046155528819864,
      "oiii_hbeta": 1.58928990557351e-05,
      "paalpha_halpha": 0.10797467681012927,
      "sii_halpha": 3.5254029898388043e-12
    },
    "soft_dense_50k": {
      "halpha_hbeta": 3.239032010378882,
      "hbeta_hgamma": 1.9648328781375992,
      "hei5876_hbeta": 0.25335592681829017,
      "hei7065_hbeta": 0.1430405888427017,
      "heii1640_hbeta": 0.1804125076120628,
      "heii4686_hbeta": 0.018554899520771002,
      "lha_per_qh54": 8.161312717213187e+40,
      "neiii3869_oii3727": 46821.72385359946,
      "nii_halpha": 5.2458413373114805e-09,
      "oi6300_halpha": 1.2313728695794334e-12,
      "oiii5007_oii3727": 24121.024833416282,
      "oiii5007_oiii4363": 0.2933773039392844,
      "oiii_hbeta": 0.0008597262305065,
      "paalpha_halpha": 0.112927616789962,
      "sii_halpha": 1.553684554706339e-10
    },
    "soft_dense_70k": {
      "halpha_hbeta": 3.332811075660893,
      "hbeta_hgamma": 1.9775787279589883,
      "hei5876_hbeta": 0.19121752506836828,
      "hei7065_hbeta": 0.10641237465815861,
      "heii1640_hbeta": 2.22068710118505,
      "heii4686_hbeta": 0.24559879216043756,
      "lha_per_qh54": 7.80506626354156e+40,
      "neiii3869_oii3727": 235005.59332243353,
      "nii_halpha": 6.134450190179068e-10,
      "oi6300_halpha": 2.642847984956622e-13,
      "oiii5007_oii3727": 82673.60812322519,
      "oiii5007_oiii4363": 0.27078635851183763,
      "oiii_hbeta": 0.0005473735186873291,
      "paalpha_halpha": 0.11277832385999402,
      "sii_halpha": 3.0002136843454853e-11
    },
    "soft_diffuse_100k": {
      "halpha_hbeta": 2.8383990938266943,
      "hbeta_hgamma": 2.1099382593108946,
      "hei5876_hbeta": 0.13171370587124787,
      "hei7065_hbeta": 0.08591891636775531,
      "heii1640_hbeta": 0.6897064376061921,
      "heii4686_hbeta": 0.0858528412308854,
      "lha_per_qh54": 1.2687402461774164e+42,
      "neiii3869_oii3727": 0.8983635331657596,
      "nii_halpha": 0.06701862321250415,
      "oi6300_halpha": 0.009859494512803458,
      "oiii5007_oii3727": 13.829122527532803,
      "oiii5007_oiii4363": 48.57267305501574,
      "oiii_hbeta": 6.842080422880875,
      "paalpha_halpha": 0.09889424675756567,
      "sii_halpha": 0.031068340538742932
    },
    "soft_diffuse_100k_u_m1p5": {
      "halpha_hbeta": 2.733989552094418,
      "hbeta_hgamma": 2.0986701857679426,
      "hei5876_hbeta": 0.07435667988778176,
      "hei7065_hbeta": 0.047287655993034736,
      "heii1640_hbeta": 3.508392183418787,
      "heii4686_hbeta": 0.4243857018477314,
      "lha_per_qh54": 2.3848477075012635e+41,
      "neiii3869_oii3727": 76.54922603846354,
      "nii_halpha": 0.00014523862178778362,
      "oi6300_halpha": 5.565482772347296e-08,
      "oiii5007_oii3727": 1274.1960702559024,
      "oiii5007_oiii4363": 38.957851963986926,
      "oiii_hbeta": 5.912740640417916,
      "paalpha_halpha": 0.10062364545092663,
      "sii_halpha": 0.00012664292980671415
    },
    "soft_diffuse_100k_u_m2p0": {
      "halpha_hbeta": 2.7589233144850414,
      "hbeta_hgamma": 2.102267684906233,
      "hei5876_hbeta": 0.13371918637590677,
      "hei7065_hbeta": 0.0986447004454714,
      "heii1640_hbeta": 1.0300276614417276,
      "heii4686_hbeta": 0.12607618560938488,
      "lha_per_qh54": 8.284064304246105e+41,
      "neiii3869_oii3727": 13.566661057827135,
      "nii_halpha": 0.00219935574793638,
      "oi6300_halpha": 6.788806120394606e-06,
      "oiii5007_oii3727": 228.84626170845252,
      "oiii5007_oiii4363": 42.58977035490606,
      "oiii_hbeta": 9.065176577757535,
      "paalpha_halpha": 0.10146970002013288,
      "sii_halpha": 0.0019649285282866925
    },
    "soft_diffuse_50k": {
      "halpha_hbeta": 2.7713858155680398,
      "hbeta_hgamma": 2.1069416446994365,
      "hei5876_hbeta": 0.13603512989721073,
      "hei7065_hbeta": 0.08684100777666022,
      "heii1640_hbeta": 0.009921742756911907,
      "heii4686_hbeta": 0.0012400951843583642,
      "lha_per_qh54": 1.1916327370357724e+42,
      "neiii3869_oii3727": 0.2711968032840579,
      "nii_halpha": 0.08265734265734266,
      "oi6300_halpha": 0.00434655218199522,
      "oiii5007_oii3727": 4.839680702728501,
      "oiii5007_oiii4363": 74.17411674714347,
      "oiii_hbeta": 3.8061477320118744,
      "paalpha_halpha": 0.10632026201646454,
      "sii_halpha": 0.02493228290696645
    },
    "soft_diffuse_50k_u_m1p5": {
      "halpha_hbeta": 2.7501368862931193,
      "hbeta_hgamma": 2.10036034654604,
      "hei5876_hbeta": 0.13836466508486953,
      "hei7065_hbeta": 0.10521993064427815,
      "heii1640_hbeta": 0.03847417411936485,
      "heii4686_hbeta": 0.004656871691914583,
      "lha_per_qh54": 3.1788124425343044e+41,
      "neiii3869_oii3727": 9.002185399319483,
      "nii_halpha": 0.0019437217945314574,
      "oi6300_halpha": 3.6524422617467475e-07,
      "oiii5007_oii3727": 173.44324877589975,
      "oiii5007_oiii4363": 71.4075828844117,
      "oiii_hbeta": 5.721664537324329,
      "paalpha_halpha": 0.10692859039023096,
      "sii_halpha": 0.0006845832227236528
    },
    "soft_diffuse_50k_u_m2p0": {
      "halpha_hbeta": 2.7554327808471455,
      "hbeta_hgamma": 2.1043249108665325,
      "hei5876_hbeta": 0.14078268876611416,
      "hei7065_hbeta": 0.10957642725598526,
      "heii1640_hbeta": 0.012158379373848987,
      "heii4686_hbeta": 0.0014850828729281768,
      "lha_per_qh54": 9.981571984709503e+41,
      "neiii3869_oii3727": 1.6325246081993832,
      "nii_halpha": 0.012653722764336319,
      "oi6300_halpha": 2.5738871808581743e-05,
      "oiii5007_oii3727": 31.975055933736375,
      "oiii5007_oiii4363": 70.07499797146136,
      "oiii_hbeta": 5.566574585635359,
      "paalpha_halpha": 0.10671701644165218,
      "sii_halpha": 0.00471775163748162
    },
    "soft_diffuse_70k": {
      "halpha_hbeta": 2.7935977529178166,
      "hbeta_hgamma": 2.1079011841567987,
      "hei5876_hbeta": 0.14177442006876845,
      "hei7065_hbeta": 0.09273572570100247,
      "heii1640_hbeta": 0.11942951232505204,
      "heii4686_hbeta": 0.014961499346215311,
      "lha_per_qh54": 1.2169484719112778e+42,
      "neiii3869_oii3727": 0.6685950634231568,
      "nii_halpha": 0.06618271647742048,
      "oi6300_halpha": 0.007584727398803849,
      "oiii5007_oii3727": 10.798427569239545,
      "oiii5007_oiii4363": 58.36525258365253,
      "oiii_hbeta": 5.866627923870404,
      "paalpha_halpha": 0.10301638207506283,
      "sii_halpha": 0.027365866343070124
    },
    "soft_diffuse_70k_u_m1p5": {
      "halpha_hbeta": 2.7403065548827192,
      "hbeta_hgamma": 2.1008066246192127,
      "hei5876_hbeta": 0.13772504008087658,
      "hei7065_hbeta": 0.10429197259182861,
      "heii1640_hbeta": 0.5146997253055848,
      "heii4686_hbeta": 0.06267117342510238,
      "lha_per_qh54": 2.830615605767456e+41,
      "neiii3869_oii3727": 33.57861600310832,
      "nii_halpha": 0.0005256940562697968,
      "oi6300_halpha": 1.3714551891186882e-07,
      "oiii5007_oii3727": 587.9013265880599,
      "oiii5007_oiii4363": 53.48193031811296,
      "oiii_hbeta": 7.571149938219286,
      "paalpha_halpha": 0.104844419601267,
      "sii_halpha": 0.00027836407676541826
    },
    "soft_diffuse_70k_u_m2p0": {
      "halpha_hbeta": 2.750071361578926,
      "hbeta_hgamma": 2.103128149053408,
      "hei5876_hbeta": 0.14752477266239858,
      "hei7065_hbeta": 0.11433144395057702,
      "heii1640_hbeta": 0.16218447987603477,
      "heii4686_hbeta": 0.019960853076703502,