{
  "comparison": {
    "conclusion": "Thermal balance supplies a subsolar, purely diffuse solution that is effectively tied with the numerical solar/high-dense minimum. The fixed-temperature solar preference was therefore not robust, and the parent control does not identify metallicity or dense fraction. Only an LRD-labelled sample with decomposed broad and narrow lines can do so.",
    "dense_fraction_identified_by_parent_control": false,
    "fixed_temperature_best_objective": 23.171867507627944,
    "objective_improvement": 5.379773794372664,
    "parsimonious_delta_objective_from_numerical_best": 0.007480454431910033,
    "parsimonious_subsolar_diffuse_reference": {
      "channel_mean_deviance": {
        "halpha_hbeta": 5.755053113027589,
        "nii_halpha": 10.95831314198588,
        "oiii_hbeta": 1.0862079126737196
      },
      "dense_fraction_qh": 0.0,
      "diffuse_logu": -2.5,
      "diffuse_metallicity_zsun": 0.2,
      "diffuse_model": "thermal_skin_u_mid",
      "lha_per_qh54": 1.3696867389934945e+42,
      "objective_equal_channel_mean_deviance": 17.79957416768719,
      "predicted_ratios": {
        "halpha_hbeta": 2.8852349738917895,
        "heii1640_hbeta": 1.9785134985001667,
        "nii_halpha": 0.08716211012706969,
        "oiii_hbeta": 6.727252527496944,
        "sii_halpha": 0.04016172506738544
      }
    },
    "thermal_balance_best_objective": 17.79209371325528
  },
  "fixed_temperature_screening": {
    "best_by_diffuse_hypothesis": [
      {
        "channel_mean_deviance": {
          "halpha_hbeta": 7.531353412855243,
          "nii_halpha": 14.6692759757829,
          "oiii_hbeta": 0.9712381189898012
        },
        "dense_fraction_qh": 0.26,
        "diffuse_logu": -2.0,
        "diffuse_metallicity_zsun": 1.0,
        "diffuse_model": "diffuse_z_solar",
        "lha_per_qh54": 1.1729781407643018e+42,
        "objective_equal_channel_mean_deviance": 23.171867507627944,
        "predicted_ratios": {
          "halpha_hbeta": 2.648609075393281,
          "heii1640_hbeta": 2.286720123403416,
          "nii_halpha": 0.41725351918075604,
          "oiii_hbeta": 6.485510828378567,
          "sii_halpha": 0.47731210010467695
        }
      },
      {
        "channel_mean_deviance": {
          "halpha_hbeta": 5.886302115098475,
          "nii_halpha": 10.16748665029413,
          "oiii_hbeta": 113.1279576870539
        },
        "dense_fraction_qh": 0.0,
        "diffuse_logu": -2.0,
        "diffuse_metallicity_zsun": 0.2,
        "diffuse_model": "diffuse_base",
        "lha_per_qh54": 1.322014578498836e+42,
        "objective_equal_channel_mean_deviance": 129.1817464524465,
        "predicted_ratios": {
          "halpha_hbeta": 2.8638629958812056,
          "heii1640_hbeta": 2.1933665727292437,
          "nii_halpha": 0.09616985845129059,
          "oiii_hbeta": 1.596285858804827,
          "sii_halpha": 0.09235737895188355
        }
      },
      {
        "channel_mean_deviance": {
          "halpha_hbeta": 5.013579928892843,
          "nii_halpha": 10.230262520706962,
          "oiii_hbeta": 186.38177650592732
        },
        "dense_fraction_qh": 0.0,
        "diffuse_logu": -3.0,
        "diffuse_metallicity_zsun": 0.2,
        "diffuse_model": "diffuse_u_low",
        "lha_per_qh54": 1.6167851694254432e+42,
        "objective_equal_channel_mean_deviance": 201.62561895552713,
        "predicted_ratios": {
          "halpha_hbeta": 3.0248377433849227,
          "heii1640_hbeta": 1.5934223664503246,
          "nii_halpha": 0.20278316484423353,
          "oiii_hbeta": 1.2866325511732402,
          "sii_halpha": 0.47470600371363725
        }
      },
      {
        "channel_mean_deviance": {
          "halpha_hbeta": 6.188892416843481,
          "nii_halpha": 131.70801047961234,
          "oiii_hbeta": 116.60831724194055
        },
        "dense_fraction_qh": 0.0,
        "diffuse_logu": -1.0,
        "diffuse_metallicity_zsun": 0.2,
        "diffuse_model": "diffuse_u_high",
        "lha_per_qh54": 1.1964944094757714e+42,
        "objective_equal_channel_mean_deviance": 254.50522013839637,
        "predicted_ratios": {
          "halpha_hbeta": 2.81753200848323,
          "heii1640_hbeta": 2.4528316707250024,
          "nii_halpha": 0.003970448843044327,
          "oiii_hbeta": 1.5766239886890268,
          "sii_halpha": 0.0020418176749372736
        }
      },
      {
        "channel_mean_deviance": {
          "halpha_hbeta": 5.8995185196797175,
          "nii_halpha": 100.01810104734099,
          "oiii_hbeta": 2345.953071594656
        },
        "dense_fraction_qh": 0.0,
        "diffuse_logu": -2.0,
        "diffuse_metallicity_zsun": 0.02,
        "diffuse_model": "diffuse_z_0p02",
        "lha_per_qh54": 1.3154100094139125e+42,
        "objective_equal_channel_mean_deviance": 2451.870691161677,
        "predicted_ratios": {
          "halpha_hbeta": 2.8617561683599417,
          "heii1640_hbeta": 2.2366473149492023,
          "nii_halpha": 0.009472549765436796,
          "oiii_hbeta": 0.15822206095791003,
          "sii_halpha": 0.008398884239888426
        }
      }
    ],
    "best_control_match": {
      "channel_mean_deviance": {
        "halpha_hbeta": 7.531353412855243,
        "nii_halpha": 14.6692759757829,
        "oiii_hbeta": 0.9712381189898012
      },
      "dense_fraction_qh": 0.26,
      "diffuse_logu": -2.0,
      "diffuse_metallicity_zsun": 1.0,
      "diffuse_model": "diffuse_z_solar",
      "lha_per_qh54": 1.1729781407643018e+42,
      "objective_equal_channel_mean_deviance": 23.171867507627944,
      "predicted_ratios": {
        "halpha_hbeta": 2.648609075393281,
        "heii1640_hbeta": 2.286720123403416,
        "nii_halpha": 0.41725351918075604,
        "oiii_hbeta": 6.485510828378567,
        "sii_halpha": 0.47731210010467695
      }
    },
    "detected_ratio_quantiles_for_visual_reference_only": {
      "halpha_hbeta": {
        "count": 207,
        "median": 3.202266612141466,
        "p16": 2.4861684303815443,
        "p84": 4.083291501844552
      },
      "nii_halpha": {
        "count": 62,
        "median": 0.08384455972633988,
        "p16": 0.05249339468763222,
        "p84": 0.15826792771656853
      },
      "oiii_hbeta": {
        "count": 198,
        "median": 5.666903704788729,
        "p16": 4.221485798236367,
        "p84": 6.836734591668532
      }
    },
    "interpretation_limit": "Detected-ratio quantiles are visualization aids and are not used for fitting because thresholding biases them high. Model rankings only test whether the proposed sequence overlaps an ordinary high-z spectral locus; an LRD-labelled spectral sample is still required.",
    "likelihood": {
      "counts": {
        "halpha_hbeta": {
          "censored_upper_limit": 0,
          "flux_likelihood": 208,
          "numerator_detected": 207,
          "numerator_nondetected": 1,
          "total": 208
        },
        "nii_halpha": {
          "censored_upper_limit": 0,
          "flux_likelihood": 215,
          "numerator_detected": 62,
          "numerator_nondetected": 153,
          "total": 215
        },
        "oiii_hbeta": {
          "censored_upper_limit": 0,
          "flux_likelihood": 198,
          "numerator_detected": 198,
          "numerator_nondetected": 0,
          "total": 198
        }
      },
      "fractional_model_and_cross_band_floor": 0.2,
      "method": "Gaussian likelihood on reported numerator flux conditional on a detected denominator; nondetected numerator fluxes are retained. A one-sided Gaussian CDF is used only if flux is absent but a 3-sigma upper limit exists.",
      "objective": "sum over diagnostics of their mean -2 log-likelihood term; diagnostics receive equal weight"
    },
    "parameter_definition": "dense_fraction_qh is the fraction of incident Q(H) intercepted by dense clumps; it is not a gas-mass or volume fraction.",