{
  "absolute_lines": {
    "halpha": 2.9924,
    "hbeta": 1.086,
    "hei5876": 0.15289,
    "hei7065": 0.119,
    "heii1640": 0.013204,
    "heii4686": 0.0016128,
    "hgamma": 0.51608,
    "neiii3869": 0.30865,
    "nii6583": 0.037865,
    "oi6300": 7.7021e-05,
    "oii3726": 0.13032,
    "oii3729": 0.058743,
    "oiii4363": 0.086269,
    "oiii5007": 6.0453,
    "paalpha": 0.31934,
    "sii6716": 0.004638,
    "sii6731": 0.0094794
  },
  "cached": false,
  "diagnostics": {
    "halpha_hbeta": 2.7554327808471455,
    "hbeta_hgamma": 2.1043249108665325,
    "hei5876_hbeta": 0.14078268876611416,
    "hei7065_hbeta": 0.10957642725598526,
    "heii1640_hbeta": 0.012158379373848987,
    "heii4686_hbeta": 0.0014850828729281768,
    "lha_per_qh54": 9.981571984709503e+41,
    "neiii3869_oii3727": 1.6325246081993832,
    "nii_halpha": 0.012653722764336319,
    "oi6300_halpha": 2.5738871808581743e-05,
    "oiii5007_oii3727": 31.975055933736375,
    "oiii5007_oiii4363": 70.07499797146136,
    "oiii_hbeta": 5.566574585635359,
    "paalpha_halpha": 0.10671701644165218,
    "sii_halpha": 0.00471775163748162
  },
  "elapsed_seconds": 55.971106874989346,
  "erg_per_ionizing_photon": {
    "halpha": 9.981571984709502e-13,
    "hbeta": 3.6225060738519315e-13,
    "hei5876": 5.0998614514845464e-14,
    "hei7065": 3.9694127328580094e-14,
    "heii1640": 4.4043803129964e-15,
    "heii4686": 5.379721727355796e-16,
    "hgamma": 1.721457582498623e-13,
    "neiii3869": 1.0295455798290962e-13,
    "nii6583": 1.2630404464678029e-14,
    "oi6300": 2.5691440176256872e-17,
    "oii3726": 4.3470072886223175e-14,
    "oii3729": 1.9594555644225046e-14,
    "oiii4363": 2.877624092864938e-14,
    "oiii5007": 2.0164950247013887e-12,
    "paalpha": 1.0652035816057788e-13,
    "sii6716": 1.547070273529029e-15,
    "sii6731": 3.161987484021363e-15
  },
  "parameters": {
    "dust_to_metals": 0.0,
    "geometry": "open",
    "iterations": 1,
    "logn": 4.0,
    "lognh": 21.0,
    "logu": -2.0,
    "metallicity": 0.2,
    "microturbulence_kms": 0.0,
    "no_molecules": true,
    "radius_log_cm": 17.0,
    "sed": "blackbody_50000",
    "temperature": null
  },
  "returncode": 0,
  "status": {
    "cautions": 0,
    "cloudy_exited_ok": true,
    "iterations": 2,
    "zones": 54
  }
}
