{
  "absolute_lines": {
    "halpha": 1879700.0,
    "hbeta": 553870.0,
    "hei5876": 1310.5,
    "hei7065": 606.69,
    "heii1640": 4114700.0,
    "heii4686": 450260.0,
    "hgamma": 278630.0,
    "neiii3869": 42.423,
    "nii6583": 9.4812e-05,
    "oi6300": 7.4501e-09,
    "oii3726": 2.654e-05,
    "oii3729": 1.0043e-05,
    "oiii4363": 54.858,
    "oiii5007": 8.8026,
    "paalpha": 202960.0,
    "sii6716": 2.0341e-06,
    "sii6731": 4.5926e-06
  },
  "cached": false,
  "diagnostics": {
    "halpha_hbeta": 3.39375665769946,
    "hbeta_hgamma": 1.987833327351685,
    "hei5876_hbeta": 0.002366078682723383,
    "hei7065_hbeta": 0.0010953653384368173,
    "heii1640_hbeta": 7.428999584740101,
    "heii4686_hbeta": 0.8129344431003664,
    "lha_per_qh54": 6.2700042974396645e+40,
    "neiii3869_oii3727": 1159636.9898586776,
    "nii_halpha": 5.043996382401447e-11,
    "oi6300_halpha": 3.963451614619355e-15,
    "oiii5007_oii3727": 240619.96009075252,
    "oiii5007_oiii4363": 0.16046155528819864,
    "oiii_hbeta": 1.58928990557351e-05,
    "paalpha_halpha": 0.10797467681012927,
    "sii_halpha": 3.5254029898388043e-12
  },
  "elapsed_seconds": 61.812663207994774,
  "erg_per_ionizing_photon": {
    "halpha": 6.270004297439664e-14,
    "hbeta": 1.847511454074005e-14,
    "hei5876": 4.371357467571783e-17,
    "hei7065": 2.0237000091576688e-17,
    "heii1640": 1.3725161825118363e-13,
    "heii4686": 1.5019056950391994e-14,
    "hgamma": 9.29409638450611e-15,
    "neiii3869": 1.4150789610591205e-18,
    "nii6583": 3.162587899392719e-24,
    "oi6300": 2.4850858656357527e-28,
    "oii3726": 8.852791086558956e-25,
    "oii3729": 3.349984208075041e-25,
    "oiii4363": 1.8298659134380223e-18,
    "oiii5007": 2.936231304391253e-19,
    "paalpha": 6.770016876141694e-15,
    "sii6716": 6.785027260425611e-26,
    "sii6731": 1.5319264636070332e-25
  },
  "parameters": {
    "dust_to_metals": 0.0,
    "geometry": "open",
    "iterations": 1,
    "logn": 10.0,
    "lognh": 21.0,
    "logu": -1.0,
    "metallicity": 0.2,
    "microturbulence_kms": 0.0,
    "no_molecules": true,
    "radius_log_cm": 17.0,
    "sed": "blackbody_100000",
    "temperature": null
  },
  "returncode": 0,
  "status": {
    "cautions": 0,
    "cloudy_exited_ok": true,
    "iterations": 2,
    "zones": 63
  }
}
