{
  "absolute_lines": {
    "halpha": 2.1888,
    "hbeta": 0.78294,
    "hei5876": 0.056828,
    "hei7065": 0.034329,
    "heii1640": 2.8119,
    "heii4686": 0.33815,
    "hgamma": 0.37304,
    "neiii3869": 0.27531,
    "nii6583": 0.0038066,
    "oi6300": 5.6959e-06,
    "oii3726": 0.014174,
    "oii3729": 0.0064728,
    "oiii4363": 0.20291,
    "oiii5007": 5.8021,
    "paalpha": 0.20675,
    "sii6716": 0.00094238,
    "sii6731": 0.0019101
  },
  "cached": false,
  "diagnostics": {
    "halpha_hbeta": 2.795616522338877,
    "hbeta_hgamma": 2.0988097791121594,
    "hei5876_hbeta": 0.07258282882468645,
    "hei7065_hbeta": 0.0438462717449613,
    "heii1640_hbeta": 3.591462947352288,
    "heii4686_hbeta": 0.43189771885457384,
    "lha_per_qh54": 7.301050915697154e+41,
    "neiii3869_oii3727": 13.334269717341186,
    "nii_halpha": 0.0017391264619883039,
    "oi6300_halpha": 2.6022934941520466e-06,
    "oiii5007_oii3727": 281.01691303252807,
    "oiii5007_oiii4363": 28.594450741708147,
    "oiii_hbeta": 7.410657266201753,
    "paalpha_halpha": 0.0944581505847953,
    "sii_halpha": 0.0013032163742690058
  },
  "elapsed_seconds": 89.60429516597651,
  "erg_per_ionizing_photon": {
    "halpha": 7.301050915697153e-13,
    "hbeta": 2.6116067269444115e-13,
    "hei5876": 1.8955780401920584e-14,
    "hei7065": 1.1450921824057362e-14,
    "heii1640": 9.379488792876839e-13,
    "heii4686": 1.1279469879125512e-13,
    "hgamma": 1.2443275007271864e-13,
    "neiii3869": 9.183353104900324e-14,
    "nii6583": 1.2697450847812856e-15,
    "oi6300": 1.8999477298391543e-18,
    "oii3726": 4.727937485338607e-15,
    "oii3729": 2.1590936753985987e-15,
    "oiii4363": 6.768349055665703e-14,
    "oiii5007": 1.935372236749198e-12,
    "paalpha": 6.896437668221793e-14,
    "sii6716": 3.1434413203283454e-16,
    "sii6731": 6.371407782379902e-16
  },
  "parameters": {
    "dust_to_metals": 0.0,
    "geometry": "open",
    "iterations": 1,
    "logn": 4.0,
    "lognh": 21.0,
    "logu": -2.0,
    "metallicity": 0.2,
    "microturbulence_kms": 0.0,
    "no_molecules": true,
    "radius_log_cm": 17.0,
    "sed": "agn_heplus_filtered",
    "temperature": null
  },
  "returncode": 0,
  "status": {
    "cautions": 0,
    "cloudy_exited_ok": true,
    "iterations": 2,
    "zones": 55
  }
}
