{
  "absolute_lines": {
    "halpha": 2.2609,
    "hbeta": 0.82696,
    "hei5876": 0.06149,
    "hei7065": 0.039105,
    "heii1640": 2.9013,
    "heii4686": 0.35095,
    "hgamma": 0.39404,
    "neiii3869": 0.29375,
    "nii6583": 0.00032837,
    "oi6300": 1.2583e-07,
    "oii3726": 0.0026401,
    "oii3729": 0.0011973,
    "oiii4363": 0.12551,
    "oiii5007": 4.8896,
    "paalpha": 0.2275,
    "sii6716": 9.4327e-05,
    "sii6731": 0.000192
  },
  "cached": false,
  "diagnostics": {
    "halpha_hbeta": 2.733989552094418,
    "hbeta_hgamma": 2.0986701857679426,
    "hei5876_hbeta": 0.07435667988778176,
    "hei7065_hbeta": 0.047287655993034736,
    "heii1640_hbeta": 3.508392183418787,
    "heii4686_hbeta": 0.4243857018477314,
    "lha_per_qh54": 2.3848477075012635e+41,
    "neiii3869_oii3727": 76.54922603846354,
    "nii_halpha": 0.00014523862178778362,
    "oi6300_halpha": 5.565482772347296e-08,
    "oiii5007_oii3727": 1274.1960702559024,
    "oiii5007_oiii4363": 38.957851963986926,
    "oiii_hbeta": 5.912740640417916,
    "paalpha_halpha": 0.10062364545092663,
    "sii_halpha": 0.00012664292980671415
  },
  "elapsed_seconds": 57.54296529199928,
  "erg_per_ionizing_photon": {
    "halpha": 2.3848477075012634e-13,
    "hbeta": 8.722958380270003e-14,
    "hei5876": 6.486102239561799e-15,
    "hei7065": 4.1248825512776735e-15,
    "heii1640": 3.060355899762668e-13,
    "heii4686": 3.7018988143994355e-14,
    "hgamma": 4.156421737643407e-14,
    "neiii3869": 3.098540466533222e-14,
    "nii6583": 3.463719942112388e-17,
    "oi6300": 1.3272828830770225e-20,
    "oii3726": 2.78483631853425e-16,
    "oii3729": 1.2629387236017795e-16,
    "oiii4363": 1.3239074517602885e-14,
    "oiii5007": 5.157659051969648e-13,
    "paalpha": 2.399720701740623e-14,
    "sii6716": 9.949822181674188e-18,
    "sii6731": 2.025258790040438e-17
  },
  "parameters": {
    "dust_to_metals": 0.0,
    "geometry": "open",
    "iterations": 1,
    "logn": 4.0,
    "lognh": 21.0,
    "logu": -1.5,
    "metallicity": 0.2,
    "microturbulence_kms": 0.0,
    "no_molecules": true,
    "radius_log_cm": 17.0,
    "sed": "blackbody_100000",
    "temperature": null
  },
  "returncode": 0,
  "status": {
    "cautions": 0,
    "cloudy_exited_ok": true,
    "iterations": 2,
    "zones": 52
  }
}
