{
  "absolute_lines": {
    "halpha": 1.2971,
    "hbeta": 0.44961,
    "hei5876": 0.045175,
    "hei7065": 0.028522,
    "heii1640": 0.88833,
    "heii4686": 0.10946,
    "hgamma": 0.21287,
    "neiii3869": 0.18841,
    "nii6583": 0.11309,
    "oi6300": 0.037042,
    "oii3726": 0.15048,
    "oii3729": 0.070967,
    "oiii4363": 0.079631,
    "oiii5007": 3.0261,
    "paalpha": 0.1221,
    "sii6716": 0.019649,
    "sii6731": 0.032509
  },
  "cached": false,
  "diagnostics": {
    "halpha_hbeta": 2.884944729877004,
    "hbeta_hgamma": 2.112134166392634,
    "hei5876_hbeta": 0.10047596806120859,
    "hei7065_hbeta": 0.0634372011298681,
    "heii1640_hbeta": 1.9757790084740106,
    "heii4686_hbeta": 0.2434554391583817,
    "lha_per_qh54": 1.368209987792423e+42,
    "neiii3869_oii3727": 0.8508130613645701,
    "nii_halpha": 0.08718680132603501,
    "oi6300_halpha": 0.028557551460951357,
    "oiii5007_oii3727": 13.665120773819469,
    "oiii5007_oiii4363": 38.00153206665746,
    "oiii_hbeta": 6.730499766464268,
    "paalpha_halpha": 0.0941330660704649,
    "sii_halpha": 0.040211240459486555
  },
  "elapsed_seconds": 156.9014507920947,
  "erg_per_ionizing_photon": {
    "halpha": 1.368209987792423e-12,
    "hbeta": 4.742586482240008e-13,
    "hei5876": 4.765159679170666e-14,
    "hei7065": 3.00856412549653e-14,
    "heii1640": 9.370302817482409e-13,
    "heii4686": 1.1546084747803456e-13,
    "hgamma": 2.245400201228688e-13,
    "neiii3869": 1.9873906699558277e-13,
    "nii6583": 1.1928985237795476e-13,
    "oi6300": 3.9072727135769745e-14,
    "oii3726": 1.5872965766941934e-13,
    "oii3729": 7.485757320458322e-14,
    "oiii4363": 8.399655349464068e-14,
    "oiii5007": 3.191997721115297e-12,
    "paalpha": 1.2879380117913412e-13,
    "sii6716": 2.0726203107033628e-14,
    "sii6731": 3.429121771115865e-14
  },
  "parameters": {
    "dust_to_metals": 0.0,
    "geometry": "open",
    "iterations": 1,
    "logn": 4.0,
    "lognh": 21.0,
    "logu": -2.5,
    "metallicity": 0.2,
    "microturbulence_kms": 0.0,
    "no_molecules": true,
    "radius_log_cm": 17.0,
    "sed": "agn_heplus_filtered",
    "temperature": null
  },
  "returncode": 0,
  "status": {
    "cautions": 2,
    "cloudy_exited_ok": true,
    "iterations": 2,
    "zones": 160
  }
}
