{
  "absolute_lines": {
    "halpha": 1.1537,
    "hbeta": 0.41298,
    "hei5876": 0.05855,
    "hei7065": 0.038298,
    "heii1640": 0.049322,
    "heii4686": 0.0061788,
    "hgamma": 0.19592,
    "neiii3869": 0.15001,
    "nii6583": 0.076355,
    "oi6300": 0.0087505,
    "oii3726": 0.15407,
    "oii3729": 0.070296,
    "oiii4363": 0.041511,
    "oiii5007": 2.4228,
    "paalpha": 0.11885,
    "sii6716": 0.010671,
    "sii6731": 0.020901
  },
  "cached": false,
  "diagnostics": {
    "halpha_hbeta": 2.7935977529178166,
    "hbeta_hgamma": 2.1079011841567987,
    "hei5876_hbeta": 0.14177442006876845,
    "hei7065_hbeta": 0.09273572570100247,
    "heii1640_hbeta": 0.11942951232505204,
    "heii4686_hbeta": 0.014961499346215311,
    "lha_per_qh54": 1.2169484719112778e+42,
    "neiii3869_oii3727": 0.6685950634231568,
    "nii_halpha": 0.06618271647742048,
    "oi6300_halpha": 0.007584727398803849,
    "oiii5007_oii3727": 10.798427569239545,
    "oiii5007_oiii4363": 58.36525258365253,
    "oiii_hbeta": 5.866627923870404,
    "paalpha_halpha": 0.10301638207506283,
    "sii_halpha": 0.027365866343070124
  },
  "elapsed_seconds": 120.9506451250054,
  "erg_per_ionizing_photon": {
    "halpha": 1.2169484719112778e-12,
    "hbeta": 4.3562050787026053e-13,
    "hei5876": 6.175984487336857e-14,
    "hei7065": 4.0397583927587867e-14,
    "heii1640": 5.202594481373671e-14,
    "heii4686": 6.517535943698885e-15,
    "hgamma": 2.0666078236704307e-13,
    "neiii3869": 1.5823389119477403e-13,
    "nii6583": 8.054095568413421e-14,
    "oi6300": 9.230222417837945e-15,
    "oii3726": 1.625164696778804e-13,
    "oii3729": 7.414978745035554e-14,
    "oiii4363": 4.378672793404616e-14,
    "oiii5007": 2.555623435682278e-12,
    "paalpha": 1.2536562874807607e-13,
    "sii6716": 1.1256008619021623e-14,
    "sii6731": 2.204684060970583e-14
  },
  "parameters": {
    "dust_to_metals": 0.0,
    "geometry": "open",
    "iterations": 1,
    "logn": 4.0,
    "lognh": 21.0,
    "logu": -2.5,
    "metallicity": 0.2,
    "microturbulence_kms": 0.0,
    "no_molecules": true,
    "radius_log_cm": 17.0,
    "sed": "blackbody_70000",
    "temperature": null
  },
  "returncode": 0,
  "status": {
    "cautions": 0,
    "cloudy_exited_ok": true,
    "iterations": 2,
    "zones": 169
  }
}
