{
  "absolute_lines": {
    "halpha": 1621700.0,
    "hbeta": 490090.0,
    "hei5876": 439.35,
    "hei7065": 195.66,
    "heii1640": 3347000.0,
    "heii4686": 357340.0,
    "hgamma": 241220.0,
    "neiii3869": 0.082376,
    "nii6583": 3.1404e-06,
    "oi6300": 0.0,
    "oii3726": 3.3871e-07,
    "oii3729": 1.2815e-07,
    "oiii4363": 0.84479,
    "oiii5007": 0.10685,
    "paalpha": 164150.0,
    "sii6716": 1.5127e-08,
    "sii6731": 3.414e-08
  },
  "cached": false,
  "diagnostics": {
    "halpha_hbeta": 3.3089840641514825,
    "hbeta_hgamma": 2.0317137882430973,
    "hei5876_hbeta": 0.0008964679956742641,
    "hei7065_hbeta": 0.00039923279397661657,
    "heii1640_hbeta": 6.829357873043727,
    "heii4686_hbeta": 0.7291313840315045,
    "lha_per_qh54": 5.409408931828432e+40,
    "neiii3869_oii3727": 176446.90056976397,
    "nii_halpha": 1.9364864031571807e-12,
    "oi6300_halpha": 0.0,
    "oiii5007_oii3727": 228869.46836310672,
    "oiii5007_oiii4363": 0.1264811373240687,
    "oiii_hbeta": 2.1802117978330516e-07,
    "paalpha_halpha": 0.10122094098785227,
    "sii_halpha": 3.037984830733181e-14
  },
  "elapsed_seconds": 74.9378675839398,
  "erg_per_ionizing_photon": {
    "halpha": 5.409408931828432e-14,
    "hbeta": 1.6347642741566232e-14,
    "hei5876": 1.4655138522530812e-17,
    "hei7065": 6.526515086647043e-18,
    "heii1640": 1.1164390266282149e-13,
    "heii4686": 1.1919579377810765e-14,
    "hgamma": 8.046233104369823e-15,
    "neiii3869": 2.7477675906042974e-21,
    "nii6583": 1.0475246845602767e-25,
    "oi6300": 0.0,
    "oii3726": 1.1298149468456608e-26,
    "oii3729": 4.274623879964318e-27,
    "oiii4363": 2.817916119824469e-20,
    "oiii5007": 3.564132357192255e-21,
    "paalpha": 5.475454622677666e-15,
    "sii6716": 5.0458240680624465e-28,
    "sii6731": 1.138787821006491e-27
  },
  "parameters": {
    "dust_to_metals": 0.0,
    "geometry": "open",
    "iterations": 1,
    "logn": 10.0,
    "lognh": 21.0,
    "logu": -1.0,
    "metallicity": 0.2,
    "microturbulence_kms": 0.0,
    "no_molecules": true,
    "radius_log_cm": 17.0,
    "sed": "agn_heplus_filtered",
    "temperature": null
  },
  "returncode": 0,
  "status": {
    "cautions": 0,
    "cloudy_exited_ok": true,
    "iterations": 2,
    "zones": 60
  }
}
