{
  "absolute_lines": {
    "halpha": 2.6835,
    "hbeta": 0.97927,
    "hei5876": 0.13487,
    "hei7065": 0.10213,
    "heii1640": 0.50403,
    "heii4686": 0.061372,
    "hgamma": 0.46614,
    "neiii3869": 0.42347,
    "nii6583": 0.0014107,
    "oi6300": 3.6803e-07,
    "oii3726": 0.0086893,
    "oii3729": 0.003922,
    "oiii4363": 0.13863,
    "oiii5007": 7.4142,
    "paalpha": 0.28135,
    "sii6716": 0.00024573,
    "sii6731": 0.00050126
  },
  "cached": false,
  "diagnostics": {
    "halpha_hbeta": 2.7403065548827192,
    "hbeta_hgamma": 2.1008066246192127,
    "hei5876_hbeta": 0.13772504008087658,
    "hei7065_hbeta": 0.10429197259182861,
    "heii1640_hbeta": 0.5146997253055848,
    "heii4686_hbeta": 0.06267117342510238,
    "lha_per_qh54": 2.830615605767456e+41,
    "neiii3869_oii3727": 33.57861600310832,
    "nii_halpha": 0.0005256940562697968,
    "oi6300_halpha": 1.3714551891186882e-07,
    "oiii5007_oii3727": 587.9013265880599,
    "oiii5007_oiii4363": 53.48193031811296,
    "oiii_hbeta": 7.571149938219286,
    "paalpha_halpha": 0.104844419601267,
    "sii_halpha": 0.00027836407676541826
  },
  "elapsed_seconds": 54.460637792013586,
  "erg_per_ionizing_photon": {
    "halpha": 2.830615605767456e-13,
    "hbeta": 1.0329558204806768e-13,
    "hei5876": 1.4226388177747597e-14,
    "hei7065": 1.0772900011814058e-14,
    "heii1640": 5.316620770542093e-14,
    "heii4686": 6.4736553365813415e-15,
    "hgamma": 4.916948606195051e-14,
    "neiii3869": 4.466855936554293e-14,
    "nii6583": 1.4880377995364822e-16,
    "oi6300": 3.8820624609301163e-20,
    "oii3726": 9.165667293905405e-16,
    "oii3729": 4.137013007572186e-16,
    "oiii4363": 1.462300135746385e-14,
    "oiii5007": 7.820663396415529e-13,
    "paalpha": 2.967742503009777e-14,
    "sii6716": 2.5920148045658165e-17,
    "sii6731": 5.287402193206614e-17
  },
  "parameters": {
    "dust_to_metals": 0.0,
    "geometry": "open",
    "iterations": 1,
    "logn": 4.0,
    "lognh": 21.0,
    "logu": -1.5,
    "metallicity": 0.2,
    "microturbulence_kms": 0.0,
    "no_molecules": true,
    "radius_log_cm": 17.0,
    "sed": "blackbody_70000",
    "temperature": null
  },
  "returncode": 0,
  "status": {
    "cautions": 0,
    "cloudy_exited_ok": true,
    "iterations": 2,
    "zones": 58
  }
}
