{
  "absolute_lines": {
    "halpha": 2339900.0,
    "hbeta": 702080.0,
    "hei5876": 134250.0,
    "hei7065": 74710.0,
    "heii1640": 1559100.0,
    "heii4686": 172430.0,
    "hgamma": 355020.0,
    "neiii3869": 1092.4,
    "nii6583": 0.0014354,
    "oi6300": 6.184e-07,
    "oii3726": 0.0033728,
    "oii3729": 0.0012756,
    "oiii4363": 1419.2,
    "oiii5007": 384.3,
    "paalpha": 263890.0,
    "sii6716": 2.1539e-05,
    "sii6731": 4.8663e-05
  },
  "cached": false,
  "diagnostics": {
    "halpha_hbeta": 3.332811075660893,
    "hbeta_hgamma": 1.9775787279589883,
    "hei5876_hbeta": 0.19121752506836828,
    "hei7065_hbeta": 0.10641237465815861,
    "heii1640_hbeta": 2.22068710118505,
    "heii4686_hbeta": 0.24559879216043756,
    "lha_per_qh54": 7.80506626354156e+40,
    "neiii3869_oii3727": 235005.59332243353,
    "nii_halpha": 6.134450190179068e-10,
    "oi6300_halpha": 2.642847984956622e-13,
    "oiii5007_oii3727": 82673.60812322519,
    "oiii5007_oiii4363": 0.27078635851183763,
    "oiii_hbeta": 0.0005473735186873291,
    "paalpha_halpha": 0.11277832385999402,
    "sii_halpha": 3.0002136843454853e-11
  },
  "elapsed_seconds": 79.56966329086572,
  "erg_per_ionizing_photon": {
    "halpha": 7.80506626354156e-14,
    "hbeta": 2.341886799567186e-14,
    "hei5876": 4.4780979780351915e-15,
    "hei7065": 2.492057355225394e-15,
    "heii1640": 5.2005978082343885e-14,
    "heii4686": 5.751645693501736e-15,
    "hgamma": 1.1842192507724794e-14,
    "neiii3869": 3.643854175944613e-17,
    "nii6583": 4.7879790224742747e-23,
    "oi6300": 2.062760364705372e-26,
    "oii3726": 1.1250449802843273e-22,
    "oii3729": 4.2549435983476275e-23,
    "oiii4363": 4.7339416390521743e-17,
    "oiii5007": 1.2818868178464983e-17,
    "paalpha": 8.802422908184035e-15,
    "sii6716": 7.184637046472998e-25,
    "sii6731": 1.6232229564627672e-24
  },
  "parameters": {
    "dust_to_metals": 0.0,
    "geometry": "open",
    "iterations": 1,
    "logn": 10.0,
    "lognh": 21.0,
    "logu": -1.0,
    "metallicity": 0.2,
    "microturbulence_kms": 0.0,
    "no_molecules": true,
    "radius_log_cm": 17.0,
    "sed": "blackbody_70000",
    "temperature": null
  },
  "returncode": 0,
  "status": {
    "cautions": 0,
    "cloudy_exited_ok": true,
    "iterations": 2,
    "zones": 76
  }
}
