{
  "scope": "selected synthetic catalogue; predictions are conditional on current proxy radiation and selection layers",
  "z_7.5": {
    "secular_compaction": {
      "weighted_fraction": 0.5065240789979545,
      "reservoir_visible_fraction": 0.0,
      "marks_quantiles_16_50_84": {
        "log_lha": [
          42.229056526795674,
          42.47021422248856,
          42.758204476996475
        ],
        "log_lx": [
          38.708903775406206,
          40.016279745449005,
          40.24112307834429
        ],
        "lognh": [
          24.41883256676489,
          24.50037633630087,
          24.678775589251654
        ],
        "reff_pc": [
          11.540773612109765,
          16.544068390554575,
          23.268860224642985
        ],
        "fwhm_kms": [
          1568.6474777024391,
          1722.9423890643136,
          2105.0453602566577
        ],
        "variability_rms": [
          0.03450598748702236,
          0.05909892545189711,
          0.06548364219512406
        ]
      }
    },
    "early_burst": {
      "weighted_fraction": 0.49347592100204546,
      "reservoir_visible_fraction": 0.42006674152743584,
      "marks_quantiles_16_50_84": {
        "log_lha": [
          42.240695870450786,
          42.515602333452456,
          42.922863369191624
        ],
        "log_lx": [
          39.0944865806523,
          40.21579548914211,
          40.629377337621925
        ],
        "lognh": [
          24.387073361856256,
          24.49804467971746,
          24.675240918387995
        ],
        "reff_pc": [
          14.649167563278965,
          17.971161196724065,
          30.03181812717469
        ],
        "fwhm_kms": [
          1510.4427687426203,
          1720.47722696049,
          2108.190504206569
        ],
        "variability_rms": [
          0.03836113979502784,
          0.057140817782559576,
          0.0693170404848891
        ]
      }
    }
  },
  "z_9.5": {
    "secular_compaction": {
      "weighted_fraction": 0.44976980944710687,
      "reservoir_visible_fraction": 0.0,
      "marks_quantiles_16_50_84": {
        "log_lha": [
          42.17240610400931,
          42.40774532804267,
          42.834727374997534
        ],
        "log_lx": [
          35.972311991441266,
          40.02850169748341,
          40.57739530265167
        ],
        "lognh": [
          24.366567896564522,
          24.464283065333454,
          24.922918379001604
        ],
        "reff_pc": [
          11.767854301653115,
          14.459644572559561,
          18.25609678766743
        ],
        "fwhm_kms": [
          1479.3269416407145,
          1649.896374309201,
          2793.3624201534035
        ],
        "variability_rms": [
          0.011189679544159585,
          0.055748827827832206,
          0.06673053047039858
        ]
      }
    },
    "early_burst": {
      "weighted_fraction": 0.5502301905528931,
      "reservoir_visible_fraction": 0.6641239888550461,
      "marks_quantiles_16_50_84": {
        "log_lha": [
          42.19707758231241,
          42.39995528760183,
          42.984546294722094
        ],
        "log_lx": [
          37.436930195893346,
          39.638192106678304,
          40.39625910115381
        ],
        "lognh": [
          24.404215455085122,
          24.595690536479918,
          24.790519671084077
        ],
        "reff_pc": [
          12.439578396865109,
          15.811558183827804,
          24.39006952199378
        ],
        "fwhm_kms": [
          1553.9417352294076,
          1936.6738222786591,
          2405.891525701353
        ],
        "variability_rms": [
          0.022755164279325044,
          0.04185346782080658,
          0.06166968237715709
        ]
      }
    }
  }
}
