{
  "config": {
    "seed": 314159,
    "n_halo": 30000,
    "z_start": 15.0,
    "z_end": 2.0,
    "dt_gyr": 0.006,
    "logm_min": 7.0,
    "logm_max": 10.8,
    "spin_median": 0.035,
    "spin_sigma_ln": 0.5,
    "eps_ff": 0.012,
    "eta_sf": 1.5,
    "inflow_eff": 0.65,
    "bh_inflow_fraction": 0.015,
    "radiative_efficiency": 0.1,
    "trigger_logtau": -0.1,
    "trigger_width_dex": 0.25,
    "trigger_rate_gyr": 4.0,
    "early_burst_rate_gyr": 12.0,
    "early_burst_z_turnoff": 7.8,
    "early_burst_z_width": 0.45,
    "early_burst_growth_threshold_gyr": 2.5,
    "early_burst_growth_width_gyr": 0.55,
    "early_burst_logmh_threshold": 9.8,
    "early_burst_logmh_width": 0.25,
    "early_burst_uv_boost_dex": 0.0,
    "early_burst_scatter_ln": 0.55,
    "compact_to_embedded_rate_gyr": 7.0,
    "feedback_rate_gyr": 1.5,
    "exhaustion_rate_gyr": 0.35,
    "growth_rate_gyr": 5.0,
    "clearing_rate_gyr": 6.0,
    "recurrence_rate_gyr": 0.1,
    "dust_to_gas_scale": 0.12,
    "target_density": 0.000116,
    "target_z_lo": 4.5,
    "target_z_hi": 6.5
  },
  "normalization": 0.5137942945779519,
  "summaries": [
    {
      "z": 9.498698405320981,
      "raw_density": 8.030532355829676e-06,
      "selection_support_count": 4987,
      "realized_selected_count": 390,
      "selection_effective_sample_size": 89.21309462487544,
      "embedded_fraction": 0.00802037593484072,
      "selected_embedded_fraction": 0.9841940263169113,
      "selected_early_burst_fraction": 0.6204023770940863,
      "median_logmh": 10.328981938599732,
      "median_logmbh": 6.549840487231863,
      "median_logmgas": 7.12324709393966,
      "median_reff_pc": 15.842058383718468,
      "median_muv": -19.18043316856636,
      "median_log_nh": 24.56349364980674,
      "median_tau_e": 2.824450604875641,
      "median_fwhm_kms": 1852.497019440782,
      "median_log_lx": 39.77616796183068,
      "median_variability_rms": 0.04772387273893788,
      "mean_halo_bias": 8.776956705832388,
      "corr_nh_xweak": -0.593284171971609,
      "corr_tau_variability": -0.7264849349696585,
      "corr_size_fwhm": 0.3057537269803306,
      "predicted_density": 4.126041706848926e-06
    },
    {
      "z": 7.5000583697972125,
      "raw_density": 6.248616895685848e-05,
      "selection_support_count": 7442,
      "realized_selected_count": 1338,
      "selection_effective_sample_size": 182.87177947808834,
      "embedded_fraction": 0.01943264744294316,
      "selected_embedded_fraction": 0.9263159206286513,
      "selected_early_burst_fraction": 0.5428252355620763,
      "median_logmh": 10.547614524875417,
      "median_logmbh": 6.844524461945196,
      "median_logmgas": 7.17122467694012,
      "median_reff_pc": 18.857112462170882,
      "median_muv": -18.992315958055585,
      "median_log_nh": 24.52776523835371,
      "median_tau_e": 2.601396245100947,
      "median_fwhm_kms": 1778.4872325128072,
      "median_log_lx": 39.962690649479164,
      "median_variability_rms": 0.05412647364742193,
      "mean_halo_bias": 6.458280287551118,
      "corr_nh_xweak": -0.7620522768636051,
      "corr_tau_variability": -0.29222216283464214,
      "corr_size_fwhm": 0.03810426500456686,
      "predicted_density": 3.210503710006782e-05
    },
    {
      "z": 5.986505265811281,
      "raw_density": 0.00019960474614156074,
      "selection_support_count": 9812,
      "realized_selected_count": 1314,
      "selection_effective_sample_size": 383.3812332459899,
      "embedded_fraction": 0.03171748932421675,
      "selected_embedded_fraction": 0.8436978971844091,
      "selected_early_burst_fraction": 0.47161267867778667,
      "median_logmh": 10.825225395064708,
      "median_logmbh": 7.1924273681068875,
      "median_logmgas": 7.290519563228344,
      "median_reff_pc": 22.724991931281235,
      "median_muv": -18.82302843282018,
      "median_log_nh": 24.475211607858398,
      "median_tau_e": 2.3048985714468633,
      "median_fwhm_kms": 1678.2191481792402,
      "median_log_lx": 40.25544939648954,
      "median_variability_rms": 0.06533580802278931,
      "mean_halo_bias": 5.015188859745468,
      "corr_nh_xweak": -0.6624250571048489,
      "corr_tau_variability": -0.9106150738576452,
      "corr_size_fwhm": 0.006385593589841829,
      "predicted_density": 0.00010255577973821437
    },
    {
      "z": 5.512222028019765,
      "raw_density": 0.00023360200896318682,
      "selection_support_count": 6492,
      "realized_selected_count": 1679,
      "selection_effective_sample_size": 411.39782586925907,
      "embedded_fraction": 0.03497759857344383,
      "selected_embedded_fraction": 0.8321084272806911,
      "selected_early_burst_fraction": 0.44698065306810997,
      "median_logmh": 10.910482854196221,
      "median_logmbh": 7.304015964581633,
      "median_logmgas": 7.308071156189512,
      "median_reff_pc": 22.365377190390316,
      "median_muv": -18.721877987593928,
      "median_log_nh": 24.4625015756286,
      "median_tau_e": 2.238421442452763,
      "median_fwhm_kms": 1659.1911097135,
      "median_log_lx": 40.33878086159044,
      "median_variability_rms": 0.06829087483029136,
      "mean_halo_bias": 4.546028924685135,
      "corr_nh_xweak": -0.8472109414251107,
      "corr_tau_variability": -0.13851072071379347,
      "corr_size_fwhm": -0.1207788074800208,
      "predicted_density": 0.00012002337940723297
    },
    {
      "z": 5.003927763625721,
      "raw_density": 0.000244107110916009,
      "selection_support_count": 5379,
      "realized_selected_count": 1324,
      "selection_effective_sample_size": 417.3781145778084,
      "embedded_fraction": 0.03836476794304131,
      "selected_embedded_fraction": 0.8314512681343303,
      "selected_early_burst_fraction": 0.43659293065007837,
      "median_logmh": 11.0052675204345,
      "median_logmbh": 7.4072874301176395,
      "median_logmgas": 7.376290368757337,
      "median_reff_pc": 25.07955859278996,
      "median_muv": -18.68845419204225,
      "median_log_nh": 24.431691661792065,
      "median_tau_e": 2.0851237872462414,
      "median_fwhm_kms": 1598.1718839735456,
      "median_log_lx": 40.537058945159814,
      "median_variability_rms": 0.07307672851622858,
      "mean_halo_bias": 4.093287005550898,
      "corr_nh_xweak": -0.8784735393622397,
      "corr_tau_variability": -0.09088001313798175,
      "corr_size_fwhm": -0.15175959387597227,
      "predicted_density": 0.0001254208408545527
    },
    {
      "z": 4.005255903657263,
      "raw_density": 0.0001173943003858542,
      "selection_support_count": 2825,
      "realized_selected_count": 455,
      "selection_effective_sample_size": 246.9367435243229,
      "embedded_fraction": 0.04517404687536972,
      "selected_embedded_fraction": 0.7867338055030832,
      "selected_early_burst_fraction": 0.3632217962805575,
      "median_logmh": 11.114623589757445,
      "median_logmbh": 7.571102157122864,
      "median_logmgas": 7.40957734512547,
      "median_reff_pc": 30.873472876893214,
      "median_muv": -18.38703266358413,
      "median_log_nh": 24.309797280053242,
      "median_tau_e": 1.5748437456176192,
      "median_fwhm_kms": 1396.6887258715763,
      "median_log_lx": 41.03812440099246,
      "median_variability_rms": 0.08926319915400223,
      "mean_halo_bias": 3.1352753187445512,
      "corr_nh_xweak": -0.9110346870651088,
      "corr_tau_variability": -0.11986639358807356,
      "corr_size_fwhm": -0.25089470396249053,
      "predicted_density": 6.0316521754222146e-05
    },
    {
      "z": 3.2458120478391814,
      "raw_density": 2.62891366364717e-05,
      "selection_support_count": 1274,
      "realized_selected_count": 153,
      "selection_effective_sample_size": 100.84514410321705,
      "embedded_fraction": 0.04452767386730272,
      "selected_embedded_fraction": 0.7515362914686616,
      "selected_early_burst_fraction": 0.24060116255650646,
      "median_logmh": 11.27797093375488,
      "median_logmbh": 7.676252584118383,
      "median_logmgas": 7.510351868711086,