{
  "config": {
    "seed": 314159,
    "n_halo": 30000,
    "z_start": 15.0,
    "z_end": 2.0,
    "dt_gyr": 0.006,
    "logm_min": 7.0,
    "logm_max": 10.8,
    "spin_median": 0.035,
    "spin_sigma_ln": 0.5,
    "eps_ff": 0.012,
    "eta_sf": 1.5,
    "inflow_eff": 0.65,
    "bh_inflow_fraction": 0.015,
    "radiative_efficiency": 0.1,
    "trigger_logtau": -0.1,
    "trigger_width_dex": 0.25,
    "trigger_rate_gyr": 4.0,
    "early_burst_rate_gyr": 12.0,
    "early_burst_z_turnoff": 7.8,
    "early_burst_z_width": 0.45,
    "early_burst_growth_threshold_gyr": 2.5,
    "early_burst_growth_width_gyr": 0.55,
    "early_burst_logmh_threshold": 9.8,
    "early_burst_logmh_width": 0.25,
    "early_burst_reservoir_fraction": 0.006,
    "early_burst_visibility_gyr": 0.075,
    "early_burst_bh_fraction": 0.035,
    "early_burst_scatter_ln": 0.55,
    "compact_to_embedded_rate_gyr": 7.0,
    "feedback_rate_gyr": 1.5,
    "exhaustion_rate_gyr": 0.35,
    "growth_rate_gyr": 5.0,
    "clearing_rate_gyr": 6.0,
    "recurrence_rate_gyr": 0.1,
    "dust_to_gas_scale": 0.12,
    "target_density": 0.000116,
    "target_z_lo": 4.5,
    "target_z_hi": 6.5
  },
  "normalization": 0.5123410205446249,
  "summaries": [
    {
      "z": 9.498698405320981,
      "raw_density": 8.037768634826151e-06,
      "selection_support_count": 4987,
      "realized_selected_count": 390,
      "selection_effective_sample_size": 88.98077645322597,
      "embedded_fraction": 0.00802037593484072,
      "selected_embedded_fraction": 0.9842082298432384,
      "selected_early_burst_fraction": 0.620744122972892,
      "selected_burst_visible_fraction": 0.3722363780405823,
      "median_logmh": 10.328962381578295,
      "median_logmbh": 6.549812209676539,
      "median_logmgas": 7.124993930695033,
      "median_reff_pc": 15.841814671818094,
      "median_muv": -19.18043895892952,
      "median_log_nh": 24.562845844606148,
      "median_tau_e": 2.820259472392294,
      "median_fwhm_kms": 1851.3734960401148,
      "median_log_lx": 39.77728215730588,
      "median_variability_rms": 0.047972735152914524,
      "mean_halo_bias": 8.775925513578164,
      "corr_nh_xweak": -0.5930453714813928,
      "corr_tau_variability": -0.7260912005467611,
      "corr_size_fwhm": 0.30998604601926044,
      "predicted_density": 4.118078585268407e-06
    },
    {
      "z": 7.5000583697972125,
      "raw_density": 7.002756578540208e-05,
      "selection_support_count": 7499,
      "realized_selected_count": 1384,
      "selection_effective_sample_size": 200.54204787938022,
      "embedded_fraction": 0.018591164535937715,
      "selected_embedded_fraction": 0.9459019702304682,
      "selected_early_burst_fraction": 0.5551399724165287,
      "selected_burst_visible_fraction": 0.13067061391187493,
      "median_logmh": 10.562288253490326,
      "median_logmbh": 6.860927949791162,
      "median_logmgas": 7.225063565512833,
      "median_reff_pc": 19.21395644500608,
      "median_muv": -18.95534062963555,
      "median_log_nh": 24.506802861429605,
      "median_tau_e": 2.4788091526265568,
      "median_fwhm_kms": 1735.8868666404362,
      "median_log_lx": 40.013335519954566,
      "median_variability_rms": 0.05628251504974009,
      "mean_halo_bias": 6.456830318826738,
      "corr_nh_xweak": -0.776739589059117,
      "corr_tau_variability": -0.298121723588079,
      "corr_size_fwhm": -0.011505318905761404,
      "predicted_density": 3.5877994520748756e-05
    },
    {
      "z": 5.986505265811281,
      "raw_density": 0.00020428762028134868,
      "selection_support_count": 9841,
      "realized_selected_count": 1346,
      "selection_effective_sample_size": 362.7636714428177,
      "embedded_fraction": 0.0312782380521496,
      "selected_embedded_fraction": 0.8643914429748891,
      "selected_early_burst_fraction": 0.5161020908150152,
      "selected_burst_visible_fraction": 0.010029690752133523,
      "median_logmh": 10.79009775461459,
      "median_logmbh": 7.15422056716333,
      "median_logmgas": 7.255963907866497,
      "median_reff_pc": 21.470540195539193,
      "median_muv": -18.79197493444127,
      "median_log_nh": 24.468092563711956,
      "median_tau_e": 2.2674240237306527,
      "median_fwhm_kms": 1663.1700401925887,
      "median_log_lx": 40.28522423263142,
      "median_variability_rms": 0.0665754501939004,
      "mean_halo_bias": 4.947125434627772,
      "corr_nh_xweak": -0.6574841698064166,
      "corr_tau_variability": -0.9130030628294049,
      "corr_size_fwhm": 0.06842210659860168,
      "predicted_density": 0.000104664927859579
    },
    {
      "z": 5.512222028019765,
      "raw_density": 0.00023743917050882455,
      "selection_support_count": 6426,
      "realized_selected_count": 1665,
      "selection_effective_sample_size": 405.4521840718692,
      "embedded_fraction": 0.03565065805696312,
      "selected_embedded_fraction": 0.8448723170646947,
      "selected_early_burst_fraction": 0.4651622473426158,
      "selected_burst_visible_fraction": 7.372247280367364e-07,
      "median_logmh": 10.866278223905095,
      "median_logmbh": 7.2434203809519255,
      "median_logmgas": 7.32395663001916,
      "median_reff_pc": 22.781851603318547,
      "median_muv": -18.68226319844464,
      "median_log_nh": 24.448684109295566,
      "median_tau_e": 2.1683247730222495,
      "median_fwhm_kms": 1632.2024451733446,
      "median_log_lx": 40.35507583612094,
      "median_variability_rms": 0.06950054581754407,
      "mean_halo_bias": 4.481767180045548,
      "corr_nh_xweak": -0.8515882544630701,
      "corr_tau_variability": -0.1383797690087816,
      "corr_size_fwhm": -0.13221424646781835,
      "predicted_density": 0.00012164982693576039
    },
    {
      "z": 5.003927763625721,
      "raw_density": 0.00023750830077066192,
      "selection_support_count": 5317,
      "realized_selected_count": 1234,
      "selection_effective_sample_size": 402.4099885282961,
      "embedded_fraction": 0.03909500211483203,
      "selected_embedded_fraction": 0.8206070645696433,
      "selected_early_burst_fraction": 0.43867300744554855,
      "selected_burst_visible_fraction": 1.1479540699704176e-10,
      "median_logmh": 10.944269718899932,
      "median_logmbh": 7.3468814363501505,
      "median_logmgas": 7.343759535875764,
      "median_reff_pc": 25.151041893928536,
      "median_muv": -18.573935749742386,
      "median_log_nh": 24.440569833277877,
      "median_tau_e": 2.128188105833847,
      "median_fwhm_kms": 1617.902432784352,
      "median_log_lx": 40.44829789805577,
      "median_variability_rms": 0.07214355246365532,
      "mean_halo_bias": 4.023291247466739,
      "corr_nh_xweak": -0.8691143893696893,
      "corr_tau_variability": -0.11634383273533111,
      "corr_size_fwhm": -0.18573065264004063,
      "predicted_density": 0.00012168524520466065
    },
    {
      "z": 4.005255903657263,
      "raw_density": 0.00012848623129851298,
      "selection_support_count": 2679,
      "realized_selected_count": 459,
      "selection_effective_sample_size": 233.95104903318685,
      "embedded_fraction": 0.044777695533069296,
      "selected_embedded_fraction": 0.8462278977536419,
      "selected_early_burst_fraction": 0.37115698775418987,
      "selected_burst_visible_fraction": 0.00011892973152941402,
      "median_logmh": 11.105230643644086,
      "median_logmbh": 7.5526273489555455,
      "median_logmgas": 7.444958646182798,
      "median_reff_pc": 32.18049189707033,
      "median_muv": -18.407616137353084,
      "median_log_nh": 24.309309366282505,
      "median_tau_e": 1.5730754187869913,
      "median_fwhm_kms": 1394.034285600246,
      "median_log_lx": 41.07372702172951,
      "median_variability_rms": 0.08949384587260455,
      "mean_halo_bias": 3.122470797837451,
      "corr_nh_xweak": -0.9127396265428104,
      "corr_tau_variability": -0.09750917995772974,
      "corr_size_fwhm": -0.1607551124842838,
      "predicted_density": 6.582876686941287e-05
    },
    {
      "z": 3.2458120478391814,