{
  "config": {
    "seed": 314159,
    "n_halo": 30000,
    "z_start": 15.0,
    "z_end": 2.0,
    "dt_gyr": 0.006,
    "logm_min": 7.0,
    "logm_max": 10.8,
    "spin_median": 0.035,
    "spin_sigma_ln": 0.5,
    "eps_ff": 0.012,
    "eta_sf": 1.5,
    "inflow_eff": 0.65,
    "bh_inflow_fraction": 0.015,
    "radiative_efficiency": 0.1,
    "trigger_logtau": -0.1,
    "trigger_width_dex": 0.25,
    "trigger_rate_gyr": 4.0,
    "compact_to_embedded_rate_gyr": 7.0,
    "feedback_rate_gyr": 1.5,
    "exhaustion_rate_gyr": 0.35,
    "growth_rate_gyr": 5.0,
    "clearing_rate_gyr": 6.0,
    "recurrence_rate_gyr": 0.1,
    "dust_to_gas_scale": 0.12,
    "target_density": 0.000116,
    "target_z_lo": 4.5,
    "target_z_hi": 6.5
  },
  "normalization": 0.6953430975511954,
  "summaries": [
    {
      "z": 9.498698405320981,
      "raw_density": 2.201479130194665e-06,
      "selection_support_count": 3278,
      "realized_selected_count": 149,
      "selection_effective_sample_size": 53.6835094676308,
      "embedded_fraction": 0.008215289768616558,
      "selected_embedded_fraction": 0.9850614817236597,
      "median_logmh": 10.41786862442272,
      "median_logmbh": 6.674583798059541,
      "median_logmgas": 7.331373561007943,
      "median_reff_pc": 16.425243460661108,
      "median_muv": -19.34198850724403,
      "median_log_nh": 24.515987634399963,
      "median_tau_e": 2.5317918485132074,
      "median_fwhm_kms": 1751.9623227117818,
      "median_log_lx": 40.15238457478875,
      "median_variability_rms": 0.05069342782180513,
      "mean_halo_bias": 8.766140675917477,
      "corr_nh_xweak": -0.6399804692163792,
      "corr_tau_variability": -0.7310100759680412,
      "corr_size_fwhm": 0.4154808961549508,
      "predicted_density": 1.5307833175838697e-06
    },
    {
      "z": 7.5000583697972125,
      "raw_density": 3.980158321886816e-05,
      "selection_support_count": 5779,
      "realized_selected_count": 907,
      "selection_effective_sample_size": 119.28303962547568,
      "embedded_fraction": 0.020454088246129827,
      "selected_embedded_fraction": 0.9303501263696957,
      "median_logmh": 10.512320200437482,
      "median_logmbh": 6.775412617508591,
      "median_logmgas": 7.117056215773702,
      "median_reff_pc": 17.944515939467724,
      "median_muv": -18.915097825832483,
      "median_log_nh": 24.498973772555168,
      "median_tau_e": 2.4345247736228113,
      "median_fwhm_kms": 1723.7085759198526,
      "median_log_lx": 40.05892823274282,
      "median_variability_rms": 0.05757767876024678,
      "mean_halo_bias": 6.397505163663352,
      "corr_nh_xweak": -0.7563605656074975,
      "corr_tau_variability": -0.25128154351442833,
      "corr_size_fwhm": -0.07017595297952631,
      "predicted_density": 2.7675756162849463e-05
    },
    {
      "z": 5.986505265811281,
      "raw_density": 0.0001343629090271917,
      "selection_support_count": 9021,
      "realized_selected_count": 1168,
      "selection_effective_sample_size": 257.41600782741364,
      "embedded_fraction": 0.03422313037052971,
      "selected_embedded_fraction": 0.8598475547355272,
      "median_logmh": 10.810119677509272,
      "median_logmbh": 7.1667838055680715,
      "median_logmgas": 7.269888227780414,
      "median_reff_pc": 20.951651662685325,
      "median_muv": -18.746575524477613,
      "median_log_nh": 24.499658416449147,
      "median_tau_e": 2.43836454981541,
      "median_fwhm_kms": 1724.5248242684206,
      "median_log_lx": 40.08527211634246,
      "median_variability_rms": 0.06093665741743244,
      "mean_halo_bias": 5.001719784694366,
      "corr_nh_xweak": -0.637219917467549,
      "corr_tau_variability": -0.8964881102689154,
      "corr_size_fwhm": 0.11154641992992322,
      "predicted_density": 9.342832135895694e-05
    },
    {
      "z": 5.512222028019765,
      "raw_density": 0.00017424571859885589,
      "selection_support_count": 6262,
      "realized_selected_count": 1661,
      "selection_effective_sample_size": 317.9624549017346,
      "embedded_fraction": 0.03804389983036373,
      "selected_embedded_fraction": 0.8354692274593982,
      "median_logmh": 10.913950877667734,
      "median_logmbh": 7.2822893480467314,
      "median_logmgas": 7.319428759361668,
      "median_reff_pc": 22.618321658923776,
      "median_muv": -18.711967739240883,
      "median_log_nh": 24.500476569858755,
      "median_tau_e": 2.44296438778622,
      "median_fwhm_kms": 1732.5337045145345,
      "median_log_lx": 40.14759828122918,
      "median_variability_rms": 0.06347524364059327,
      "mean_halo_bias": 4.571276886739884,
      "corr_nh_xweak": -0.8473397113355096,
      "corr_tau_variability": -0.13393392931188047,
      "corr_size_fwhm": -0.13540474131680366,
      "predicted_density": 0.0001211605577055624
    },
    {
      "z": 5.003927763625721,
      "raw_density": 0.000191863730876624,
      "selection_support_count": 5602,
      "realized_selected_count": 1403,
      "selection_effective_sample_size": 327.52526468338516,
      "embedded_fraction": 0.040352707907109875,
      "selected_embedded_fraction": 0.8209763436389331,
      "median_logmh": 10.972389833720563,
      "median_logmbh": 7.367146388484717,
      "median_logmgas": 7.348635567440251,
      "median_reff_pc": 23.835638825977263,
      "median_muv": -18.611904620965735,
      "median_log_nh": 24.439132007150164,
      "median_tau_e": 2.121154056285675,
      "median_fwhm_kms": 1611.7964134332885,
      "median_log_lx": 40.425985270470214,
      "median_variability_rms": 0.07212585924236478,
      "mean_halo_bias": 4.076995656496927,
      "corr_nh_xweak": -0.8683289686118558,
      "corr_tau_variability": -0.08961583730629423,
      "corr_size_fwhm": -0.07765499330206309,
      "predicted_density": 0.00013341112093548065
    },
    {
      "z": 4.005255903657263,
      "raw_density": 0.00011243562102818288,
      "selection_support_count": 3086,
      "realized_selected_count": 568,
      "selection_effective_sample_size": 241.81620752469516,
      "embedded_fraction": 0.04463136809006193,
      "selected_embedded_fraction": 0.790877959281765,
      "median_logmh": 11.21682963752769,
      "median_logmbh": 7.593182990269737,
      "median_logmgas": 7.496449234986479,
      "median_reff_pc": 33.25426065469499,
      "median_muv": -18.466761050972355,
      "median_log_nh": 24.324373776850887,
      "median_tau_e": 1.6286000205496578,
      "median_fwhm_kms": 1417.6418110530517,
      "median_log_lx": 41.015962089419276,
      "median_variability_rms": 0.08780281686167007,
      "mean_halo_bias": 3.248403129130739,
      "corr_nh_xweak": -0.9131835517973869,
      "corr_tau_variability": -0.09538998694094718,
      "corr_size_fwhm": -0.17596106714874848,
      "predicted_density": 7.8181333000829e-05
    },
    {
      "z": 3.2458120478391814,
      "raw_density": 3.546323943655729e-05,
      "selection_support_count": 1387,
      "realized_selected_count": 180,
      "selection_effective_sample_size": 83.85832505548362,
      "embedded_fraction": 0.041965468160486304,
      "selected_embedded_fraction": 0.7799612609133895,
      "median_logmh": 11.347813564442946,
      "median_logmbh": 7.690970391934917,
      "median_logmgas": 7.561190796991596,
      "median_reff_pc": 41.57551274306423,
      "median_muv": -18.51393835751606,
      "median_log_nh": 24.155503916763976,
      "median_tau_e": 1.1039365141575446,
      "median_fwhm_kms": 1184.3738755556546,
      "median_log_lx": 41.60445643412362,
      "median_variability_rms": 0.10639700288005313,
      "mean_halo_bias": 2.637351537645868,
      "corr_nh_xweak": -0.9273324199349297,
      "corr_tau_variability": -0.19050644149191595,
      "corr_size_fwhm": -0.26131230241619513,
      "predicted_density": 2.4659118759015455e-05
    },
    {
      "z": 2.498078094350275,
      "raw_density": 5.0859945389635326e-06,
      "selection_support_count": 638,
      "realized_selected_count": 55,