subtype,observed_dense_fraction,observed_p16,observed_p84,predicted_dense_fraction_eta2,predicted_oiii_hbeta,observed_oiii_hbeta,predicted_oiii_oii,observed_oiii_oii,predicted_heii4686_hbeta
xLRD,0.9809272867778656,0.9781915677911003,0.9830398543569948,0.9851149372283452,0.9476239174858045,1.1,21.934814688675793,14.8,0.015412137240600053
plusLRD,0.9008792827686009,0.8839735575004048,0.911418404873531,0.9036611707964727,3.1644980869246493,3.2,21.920882550299766,21.8,0.008053273667232297
minusLRD,0.7375097636351844,0.6247077535788944,0.8073214650961021,0.7112493680251007,4.426352955937116,4.4,21.919186000998486,23.6,0.003864575021876516
bLRD,0.0860799091173137,4.053298843339891e-28,0.6584434001647604,0.21197913259111276,5.0674195113811,4.9,21.9186478133862,17.5,0.0017365691169878524
