{
  "absolute_lines": {
    "halpha": 4466700.0,
    "hbeta": 1870600.0,
    "heii1640": 9558500.0,
    "heii4686": 1133900.0,
    "nii6583": 1.4845e-05,
    "oiii5007": 0.2398,
    "paalpha": 422960.0,
    "sii6716": 9.0841e-08,
    "sii6731": 2.0567e-07
  },
  "cached": false,
  "diagnostics": {
    "halpha_hbeta": 2.3878434726825617,
    "heii1640_hbeta": 5.1098577996364805,
    "heii4686_hbeta": 0.6061691435902918,
    "lha_per_qh54": 1.4899307440215859e+41,
    "nii_halpha": 3.3234826605771595e-12,
    "oiii_hbeta": 1.2819416230086602e-07,
    "paalpha_halpha": 0.09469183065798016,
    "sii_halpha": 6.638256430922157e-14
  },
  "elapsed_seconds": 68.67093595885672,
  "erg_per_ionizing_photon": {
    "halpha": 1.4899307440215858e-13,
    "hbeta": 6.239649964776633e-14,
    "heii1640": 3.1883724039515365e-13,
    "heii4686": 3.782283275451846e-14,
    "nii6583": 4.951758993216567e-25,
    "oiii5007": 7.998867002851686e-21,
    "paalpha": 1.4108426970501039e-14,
    "sii6716": 3.030129597189533e-27,
    "sii6731": 6.860412745940393e-27
  },
  "parameters": {
    "dust_to_metals": 0.0,
    "geometry": "open",
    "iterations": 3,
    "logn": 10.0,
    "lognh": 21.0,
    "logu": -1.0,
    "metallicity": 0.2,
    "microturbulence_kms": 0.0,
    "no_molecules": true,
    "radius_log_cm": 17.0,
    "sed": "agn_standard",
    "temperature": 10000.0
  },
  "returncode": 0,
  "status": {
    "cautions": 0,
    "cloudy_exited_ok": true,
    "iterations": 3,
    "zones": 86
  }
}
