{
  "absolute_lines": {
    "halpha": 1.2028,
    "hbeta": 0.42376,
    "hei5876": 0.055815,
    "hei7065": 0.036409,
    "heii1640": 0.29227,
    "heii4686": 0.036381,
    "hgamma": 0.20084,
    "neiii3869": 0.18835,
    "nii6583": 0.08061,
    "oi6300": 0.011859,
    "oii3726": 0.1437,
    "oii3729": 0.065959,
    "oiii4363": 0.059692,
    "oiii5007": 2.8994,
    "paalpha": 0.11895,
    "sii6716": 0.012647,
    "sii6731": 0.024722
  },
  "cached": false,
  "diagnostics": {
    "halpha_hbeta": 2.8383990938266943,
    "hbeta_hgamma": 2.1099382593108946,
    "hei5876_hbeta": 0.13171370587124787,
    "hei7065_hbeta": 0.08591891636775531,
    "heii1640_hbeta": 0.6897064376061921,
    "heii4686_hbeta": 0.0858528412308854,
    "lha_per_qh54": 1.2687402461774164e+42,
    "neiii3869_oii3727": 0.8983635331657596,
    "nii_halpha": 0.06701862321250415,
    "oi6300_halpha": 0.009859494512803458,
    "oiii5007_oii3727": 13.829122527532803,
    "oiii5007_oiii4363": 48.57267305501574,
    "oiii_hbeta": 6.842080422880875,
    "paalpha_halpha": 0.09889424675756567,
    "sii_halpha": 0.031068340538742932
  },
  "elapsed_seconds": 125.27734199981205,
  "erg_per_ionizing_photon": {
    "halpha": 1.2687402461774163e-12,
    "hbeta": 4.469914921185084e-13,
    "hei5876": 5.887490591984742e-14,
    "hei7065": 3.8405024628428285e-14,
    "heii1640": 3.082929096693327e-13,
    "heii4686": 3.837548960440686e-14,
    "hgamma": 2.1185050801652166e-13,
    "neiii3869": 1.98675777658394e-13,
    "nii6583": 8.502922451310402e-14,
    "oi6300": 1.2509137495359143e-14,
    "oii3726": 1.5157796256708903e-13,
    "oii3729": 6.957502319389441e-14,
    "oiii4363": 6.296445192452805e-14,
    "oiii5007": 3.0583517374183575e-12,
    "paalpha": 1.25471110976724e-13,
    "sii6716": 1.3340337457104908e-14,
    "sii6731": 2.60773165663436e-14
  },
  "parameters": {
    "dust_to_metals": 0.0,
    "geometry": "open",
    "iterations": 1,
    "logn": 4.0,
    "lognh": 21.0,
    "logu": -2.5,
    "metallicity": 0.2,
    "microturbulence_kms": 0.0,
    "no_molecules": true,
    "radius_log_cm": 17.0,
    "sed": "blackbody_100000",
    "temperature": null
  },
  "returncode": 0,
  "status": {
    "cautions": 0,
    "cloudy_exited_ok": true,
    "iterations": 2,
    "zones": 179
  }
}
