{
  "absolute_lines": {
    "halpha": 25918000.0,
    "hbeta": 17481000.0,
    "heii1640": 122370000.0,
    "heii4686": 15810000.0,
    "nii6583": 2.459e-08,
    "oiii5007": 0.0012163,
    "paalpha": 1315300.0,
    "sii6716": 0.0,
    "sii6731": 0.0
  },
  "cached": false,
  "diagnostics": {
    "halpha_hbeta": 1.4826382930038327,
    "heii1640_hbeta": 7.000171614896173,
    "heii4686_hbeta": 0.9044105028316458,
    "lha_per_qh54": 8.645314219345705e+40,
    "nii_halpha": 9.487614785091442e-16,
    "oiii_hbeta": 6.957839940506836e-11,
    "paalpha_halpha": 0.05074851454587545,
    "sii_halpha": 0.0
  },
  "elapsed_seconds": 111.97577499994077,
  "erg_per_ionizing_photon": {
    "halpha": 8.645314219345704e-14,
    "hbeta": 5.831033948158896e-14,
    "heii1640": 4.0818238329397864e-13,
    "heii4686": 5.2736483450827835e-14,
    "nii6583": 8.202341100922558e-29,
    "oiii5007": 4.057140089895123e-24,
    "paalpha": 4.387368544141294e-15,
    "sii6716": 0.0,
    "sii6731": 0.0
  },
  "parameters": {
    "dust_to_metals": 0.0,
    "geometry": "open",
    "iterations": 3,
    "logn": 10.0,
    "lognh": 22.0,
    "logu": 0.0,
    "metallicity": 0.2,
    "microturbulence_kms": 0.0,
    "no_molecules": true,
    "radius_log_cm": 17.0,
    "sed": "agn_standard",
    "temperature": 10000.0
  },
  "returncode": 0,
  "status": {
    "cautions": 3,
    "cloudy_exited_ok": true,
    "iterations": 3,
    "zones": 232
  }
}
