{
  "absolute_lines": {
    "halpha": 1.2985,
    "hbeta": 0.45005,
    "heii1640": 0.89043,
    "heii4686": 0.10972,
    "nii6583": 0.11318,
    "oiii5007": 3.0276,
    "paalpha": 0.1222,
    "sii6716": 0.019643,
    "sii6731": 0.032507
  },
  "cached": false,
  "diagnostics": {
    "halpha_hbeta": 2.8852349738917895,
    "heii1640_hbeta": 1.9785134985001667,
    "heii4686_hbeta": 0.24379513387401394,
    "lha_per_qh54": 1.3696867389934945e+42,
    "nii_halpha": 0.08716211012706969,
    "oiii_hbeta": 6.727252527496944,
    "paalpha_halpha": 0.0941085868309588,
    "sii_halpha": 0.04016172506738544
  },
  "elapsed_seconds": 107.85513841593638,
  "erg_per_ionizing_photon": {
    "halpha": 1.3696867389934943e-12,
    "hbeta": 4.747227700300517e-13,
    "heii1640": 9.392454085498477e-13,
    "heii4686": 1.157351012725192e-13,
    "nii6583": 1.1938478638373792e-13,
    "oiii5007": 3.193579954545016e-12,
    "paalpha": 1.2889928340778206e-13,
    "sii6716": 2.0719874173314754e-14,
    "sii6731": 3.428910806658569e-14
  },
  "parameters": {
    "dust_to_metals": 0.0,
    "geometry": "open",
    "iterations": 1,
    "logn": 4.0,
    "lognh": 21.0,
    "logu": -2.5,
    "metallicity": 0.2,
    "microturbulence_kms": 0.0,
    "no_molecules": true,
    "radius_log_cm": 17.0,
    "sed": "agn_standard",
    "temperature": null
  },
  "returncode": 0,
  "status": {
    "cautions": 2,
    "cloudy_exited_ok": true,
    "iterations": 2,
    "zones": 160
  }
}
