{
  "absolute_lines": {
    "halpha": 1.1297,
    "hbeta": 0.40763,
    "hei5876": 0.055452,
    "hei7065": 0.035399,
    "heii1640": 0.0040444,
    "heii4686": 0.0005055,
    "hgamma": 0.19347,
    "neiii3869": 0.08694,
    "nii6583": 0.093378,
    "oi6300": 0.0049103,
    "oii3726": 0.22078,
    "oii3729": 0.099799,
    "oiii4363": 0.020917,
    "oiii5007": 1.5515,
    "paalpha": 0.12011,
    "sii6716": 0.009433,
    "sii6731": 0.018733
  },
  "cached": false,
  "diagnostics": {
    "halpha_hbeta": 2.7713858155680398,
    "hbeta_hgamma": 2.1069416446994365,
    "hei5876_hbeta": 0.13603512989721073,
    "hei7065_hbeta": 0.08684100777666022,
    "heii1640_hbeta": 0.009921742756911907,
    "heii4686_hbeta": 0.0012400951843583642,
    "lha_per_qh54": 1.1916327370357724e+42,
    "neiii3869_oii3727": 0.2711968032840579,
    "nii_halpha": 0.08265734265734266,
    "oi6300_halpha": 0.00434655218199522,
    "oiii5007_oii3727": 4.839680702728501,
    "oiii5007_oiii4363": 74.17411674714347,
    "oiii_hbeta": 3.8061477320118744,
    "paalpha_halpha": 0.10632026201646454,
    "sii_halpha": 0.02493228290696645
  },
  "elapsed_seconds": 117.40191120817326,
  "erg_per_ionizing_photon": {
    "halpha": 1.1916327370357724e-12,
    "hbeta": 4.299772086375957e-13,
    "hei5876": 5.84920054298554e-14,
    "hei7065": 3.73396541190841e-14,
    "heii1640": 4.266123255437265e-15,
    "heii4686": 5.33212665815334e-16,
    "hgamma": 2.0407646776516853e-13,
    "neiii3869": 9.17062495865186e-14,
    "nii6583": 9.849719546687294e-14,
    "oi6300": 5.179493873299773e-15,
    "oii3726": 2.328836644089208e-13,
    "oii3729": 1.0527020936835713e-13,
    "oiii4363": 2.2063717766289505e-14,
    "oiii5007": 1.6365567774727813e-12,
    "paalpha": 1.266947048290401e-13,
    "sii6716": 9.950138628360132e-15,
    "sii6731": 1.9759985892618504e-14
  },
  "parameters": {
    "dust_to_metals": 0.0,
    "geometry": "open",
    "iterations": 1,
    "logn": 4.0,
    "lognh": 21.0,
    "logu": -2.5,
    "metallicity": 0.2,
    "microturbulence_kms": 0.0,
    "no_molecules": true,
    "radius_log_cm": 17.0,
    "sed": "blackbody_50000",
    "temperature": null
  },
  "returncode": 0,
  "status": {
    "cautions": 0,
    "cloudy_exited_ok": true,
    "iterations": 2,
    "zones": 162
  }
}
