{
  "absolute_lines": {
    "halpha": 20842000.0,
    "hbeta": 11173000.0,
    "heii1640": 36829000.0,
    "heii4686": 5287200.0,
    "nii6583": 0.00072174,
    "oiii5007": 111.59,
    "paalpha": 1214300.0,
    "sii6716": 2.016e-05,
    "sii6731": 4.5643e-05
  },
  "cached": false,
  "diagnostics": {
    "halpha_hbeta": 1.8653897789313525,
    "heii1640_hbeta": 3.2962498881231537,
    "heii4686_hbeta": 0.47321220800143204,
    "lha_per_qh54": 6.952142872119886e+41,
    "nii_halpha": 3.4629114288456e-11,
    "oiii_hbeta": 9.987469793251589e-06,
    "paalpha_halpha": 0.05826216294021686,
    "sii_halpha": 3.1572305920736975e-12
  },
  "elapsed_seconds": 98.51845508418046,
  "erg_per_ionizing_photon": {
    "halpha": 6.952142872119885e-13,
    "hbeta": 3.726911635648953e-13,
    "heii1640": 1.2284832062052742e-12,
    "heii4686": 1.7636200841316696e-13,
    "nii6583": 2.4074655006831427e-23,
    "oiii5007": 3.722241738316179e-18,
    "paalpha": 4.05046880799116e-14,
    "sii6716": 6.724652159194746e-25,
    "sii6731": 1.5224865997129255e-24
  },
  "parameters": {
    "dust_to_metals": 0.0,
    "geometry": "open",
    "iterations": 3,
    "logn": 10.0,
    "lognh": 22.0,
    "logu": -1.0,
    "metallicity": 0.02,
    "microturbulence_kms": 0.0,
    "no_molecules": true,
    "radius_log_cm": 17.0,
    "sed": "agn_standard",
    "temperature": 10000.0
  },
  "returncode": 0,
  "status": {
    "cautions": 4,
    "cloudy_exited_ok": true,
    "iterations": 3,
    "zones": 175
  }
}
