{
  "absolute_lines": {
    "halpha": 1.8239,
    "hbeta": 0.65921,
    "hei5876": 0.0019498,
    "hei7065": 0.00094681,
    "heii1640": 4.0776,
    "heii4686": 0.47993,
    "hgamma": 0.31468,
    "neiii3869": 0.0027443,
    "nii6583": 6.4846e-05,
    "oi6300": 2.9196e-09,
    "oii3726": 5.6116e-05,
    "oii3729": 2.5636e-05,
    "oiii4363": 0.0065985,
    "oiii5007": 0.13274,
    "paalpha": 0.16867,
    "sii6716": 8.6904e-06,
    "sii6731": 1.7564e-05
  },
  "cached": false,
  "diagnostics": {
    "halpha_hbeta": 2.7667966201969025,
    "hbeta_hgamma": 2.0948582687174273,
    "hei5876_hbeta": 0.0029577828006249907,
    "hei7065_hbeta": 0.0014362797894449417,
    "heii1640_hbeta": 6.185585776914793,
    "heii4686_hbeta": 0.728038106218049,
    "lha_per_qh54": 1.923890368309768e+41,
    "neiii3869_oii3727": 33.56859771014776,
    "nii_halpha": 3.555348429190197e-05,
    "oi6300_halpha": 1.6007456549152914e-09,
    "oiii5007_oii3727": 1623.6911635189354,
    "oiii5007_oiii4363": 20.116693187845723,
    "oiii_hbeta": 0.2013622366165562,
    "paalpha_halpha": 0.0924776577663249,
    "sii_halpha": 1.4394648829431437e-05
  },
  "elapsed_seconds": 76.5736627499573,
  "erg_per_ionizing_photon": {
    "halpha": 1.923890368309768e-13,
    "hbeta": 6.953493994700818e-14,
    "hei5876": 2.056692494177524e-16,
    "hei7065": 9.987162890615557e-17,
    "heii1640": 4.3011433553483803e-13,
    "heii4686": 5.0624085995005595e-14,
    "hgamma": 3.319314771093359e-14,
    "neiii3869": 2.894748800785403e-16,
    "nii6583": 6.840100598904283e-18,
    "oi6300": 3.079659147605241e-22,
    "oii3726": 5.9192407428077716e-18,
    "oii3729": 2.7041424136185763e-18,
    "oiii4363": 6.960244857334286e-16,
    "oiii5007": 1.4001711030727486e-14,
    "paalpha": 1.779168750604795e-14,
    "sii6716": 9.166827598420533e-19,
    "sii6731": 1.852689863972409e-18
  },
  "parameters": {
    "dust_to_metals": 0.0,
    "geometry": "open",
    "iterations": 1,
    "logn": 4.0,
    "lognh": 21.0,
    "logu": -1.5,
    "metallicity": 0.2,
    "microturbulence_kms": 0.0,
    "no_molecules": true,
    "radius_log_cm": 17.0,
    "sed": "agn_heplus_filtered",
    "temperature": null
  },
  "returncode": 0,
  "status": {
    "cautions": 0,
    "cloudy_exited_ok": true,
    "iterations": 2,
    "zones": 36
  }
}
