{
  "absolute_lines": {
    "halpha": 3.0136,
    "hbeta": 1.0958,
    "hei5876": 0.15162,
    "hei7065": 0.1153,
    "heii1640": 0.04216,
    "heii4686": 0.005103,
    "hgamma": 0.52172,
    "neiii3869": 0.32542,
    "nii6583": 0.0058576,
    "oi6300": 1.1007e-06,
    "oii3726": 0.024945,
    "oii3729": 0.011204,
    "oiii4363": 0.087803,
    "oiii5007": 6.2698,
    "paalpha": 0.32224,
    "sii6716": 0.00067746,
    "sii6731": 0.0013856
  },
  "cached": false,
  "diagnostics": {
    "halpha_hbeta": 2.7501368862931193,
    "hbeta_hgamma": 2.10036034654604,
    "hei5876_hbeta": 0.13836466508486953,
    "hei7065_hbeta": 0.10521993064427815,
    "heii1640_hbeta": 0.03847417411936485,
    "heii4686_hbeta": 0.004656871691914583,
    "lha_per_qh54": 3.1788124425343044e+41,
    "neiii3869_oii3727": 9.002185399319483,
    "nii_halpha": 0.0019437217945314574,
    "oi6300_halpha": 3.6524422617467475e-07,
    "oiii5007_oii3727": 173.44324877589975,
    "oiii5007_oiii4363": 71.4075828844117,
    "oiii_hbeta": 5.721664537324329,
    "paalpha_halpha": 0.10692859039023096,
    "sii_halpha": 0.0006845832227236528
  },
  "elapsed_seconds": 60.93367562489584,
  "erg_per_ionizing_photon": {
    "halpha": 3.178812442534304e-13,
    "hbeta": 1.1558742615241208e-13,
    "hei5876": 1.5993215507600585e-14,
    "hei7065": 1.2162100963107422e-14,
    "heii1640": 4.447130759797129e-15,
    "heii4686": 5.382758127904351e-16,
    "hgamma": 5.503218833020298e-14,
    "neiii3869": 3.4326026846612465e-14,
    "nii6583": 6.178727025281702e-16,
    "oi6300": 1.1610428907278696e-19,
    "oii3726": 2.63125419362285e-15,
    "oii3729": 1.181822889771514e-15,
    "oiii4363": 9.26165612197503e-15,
    "oiii5007": 6.613524771768509e-13,
    "paalpha": 3.399059335951202e-14,
    "sii6716": 7.145999061983307e-17,
    "sii6731": 1.4615617601458494e-16
  },
  "parameters": {
    "dust_to_metals": 0.0,
    "geometry": "open",
    "iterations": 1,
    "logn": 4.0,
    "lognh": 21.0,
    "logu": -1.5,
    "metallicity": 0.2,
    "microturbulence_kms": 0.0,
    "no_molecules": true,
    "radius_log_cm": 17.0,
    "sed": "blackbody_50000",
    "temperature": null
  },
  "returncode": 0,
  "status": {
    "cautions": 0,
    "cloudy_exited_ok": true,
    "iterations": 2,
    "zones": 51
  }
}
