{
  "absolute_lines": {
    "halpha": 2.6976,
    "hbeta": 0.98092,
    "hei5876": 0.14471,
    "hei7065": 0.11215,
    "heii1640": 0.15909,
    "heii4686": 0.01958,
    "hgamma": 0.46641,
    "neiii3869": 0.43287,
    "nii6583": 0.01252,
    "oi6300": 2.4493e-05,
    "oii3726": 0.045113,
    "oii3729": 0.02043,
    "oiii4363": 0.14516,
    "oiii5007": 7.7174,
    "paalpha": 0.28185,
    "sii6716": 0.002493,
    "sii6731": 0.0050802
  },
  "cached": false,
  "diagnostics": {
    "halpha_hbeta": 2.750071361578926,
    "hbeta_hgamma": 2.103128149053408,
    "hei5876_hbeta": 0.14752477266239858,
    "hei7065_hbeta": 0.11433144395057702,
    "heii1640_hbeta": 0.16218447987603477,
    "heii4686_hbeta": 0.019960853076703502,
    "lha_per_qh54": 8.99822503206535e+41,
    "neiii3869_oii3727": 6.604366599026593,
    "nii_halpha": 0.004641162514827995,
    "oi6300_halpha": 9.079552194543297e-06,
    "oiii5007_oii3727": 117.74560212379659,
    "oiii5007_oiii4363": 53.1647836869661,
    "oiii_hbeta": 7.867512131468417,
    "paalpha_halpha": 0.10448176156583629,
    "sii_halpha": 0.002807384341637011
  },
  "elapsed_seconds": 52.487139999866486,
  "erg_per_ionizing_photon": {
    "halpha": 8.99822503206535e-13,
    "hbeta": 3.271996922617713e-13,
    "hei5876": 4.827006021612458e-14,
    "hei7065": 3.7409213276472755e-14,
    "heii1640": 5.3066711905074013e-14,
    "heii4686": 6.531184983979817e-15,
    "hgamma": 1.555776296413701e-13,
    "neiii3869": 1.4438988988842408e-13,
    "nii6583": 4.176222471880864e-15,
    "oi6300": 8.169985383688338e-18,
    "oii3726": 1.5048077026674232e-14,
    "oii3729": 6.814714464898246e-15,
    "oiii4363": 4.8420164058963755e-14,
    "oiii5007": 2.5742475482822186e-12,
    "paalpha": 9.401504023159915e-14,
    "sii6716": 8.315752893289931e-16,
    "sii6731": 1.6945723164256521e-15
  },
  "parameters": {
    "dust_to_metals": 0.0,
    "geometry": "open",
    "iterations": 1,
    "logn": 4.0,
    "lognh": 21.0,
    "logu": -2.0,
    "metallicity": 0.2,
    "microturbulence_kms": 0.0,
    "no_molecules": true,
    "radius_log_cm": 17.0,
    "sed": "blackbody_70000",
    "temperature": null
  },
  "returncode": 0,
  "status": {
    "cautions": 0,
    "cloudy_exited_ok": true,
    "iterations": 2,
    "zones": 55
  }
}
