{
  "absolute_lines": {
    "halpha": 2.4835,
    "hbeta": 0.90017,
    "hei5876": 0.12037,
    "hei7065": 0.088797,
    "heii1640": 0.9272,
    "heii4686": 0.11349,
    "hgamma": 0.42819,
    "neiii3869": 0.48376,
    "nii6583": 0.0054621,
    "oi6300": 1.686e-05,
    "oii3726": 0.024514,
    "oii3729": 0.011144,
    "oiii4363": 0.1916,
    "oiii5007": 8.1602,
    "paalpha": 0.252,
    "sii6716": 0.0016088,
    "sii6731": 0.0032711
  },
  "cached": false,
  "diagnostics": {
    "halpha_hbeta": 2.7589233144850414,
    "hbeta_hgamma": 2.102267684906233,
    "hei5876_hbeta": 0.13371918637590677,
    "hei7065_hbeta": 0.0986447004454714,
    "heii1640_hbeta": 1.0300276614417276,
    "heii4686_hbeta": 0.12607618560938488,
    "lha_per_qh54": 8.284064304246105e+41,
    "neiii3869_oii3727": 13.566661057827135,
    "nii_halpha": 0.00219935574793638,
    "oi6300_halpha": 6.788806120394606e-06,
    "oiii5007_oii3727": 228.84626170845252,
    "oiii5007_oiii4363": 42.58977035490606,
    "oiii_hbeta": 9.065176577757535,
    "paalpha_halpha": 0.10146970002013288,
    "sii_halpha": 0.0019649285282866925
  },
  "elapsed_seconds": 53.883057832950726,
  "erg_per_ionizing_photon": {
    "halpha": 8.284064304246105e-13,
    "hbeta": 3.0026439157452053e-13,
    "hei5876": 4.0151110139001564e-14,
    "hei7065": 2.9619490961310305e-14,
    "heii1640": 3.092806290677266e-13,
    "heii4686": 3.7856189164038274e-14,
    "hgamma": 1.4282880992289674e-13,
    "neiii3869": 1.6136496669305804e-13,
    "nii6583": 1.821960444381826e-15,
    "oi6300": 5.623890645040844e-18,
    "oii3726": 8.1769902296875e-15,
    "oii3729": 3.717238276888206e-15,
    "oiii4363": 6.391088063996593e-14,
    "oiii5007": 2.7219497296359604e-12,
    "paalpha": 8.405815198993431e-14,
    "sii6716": 5.36637916354787e-16,
    "sii6731": 1.0911215118026752e-15
  },
  "parameters": {
    "dust_to_metals": 0.0,
    "geometry": "open",
    "iterations": 1,
    "logn": 4.0,
    "lognh": 21.0,
    "logu": -2.0,
    "metallicity": 0.2,
    "microturbulence_kms": 0.0,
    "no_molecules": true,
    "radius_log_cm": 17.0,
    "sed": "blackbody_100000",
    "temperature": null
  },
  "returncode": 0,
  "status": {
    "cautions": 2,
    "cloudy_exited_ok": true,
    "iterations": 2,
    "zones": 56
  }
}
